gene_callers_id	source	accession	function
14385553	SignalP_GRAM_POSITIVE	SignalP-TM	SignalP-TM
5931163	SignalP_GRAM_POSITIVE	SignalP-TM	SignalP-TM
11698408	SignalP_GRAM_POSITIVE	SignalP-TM	SignalP-TM
5177671	SignalP_GRAM_POSITIVE	SignalP-TM	SignalP-TM
15597958	SignalP_GRAM_POSITIVE	SignalP-TM	SignalP-TM
4587832	SignalP_GRAM_POSITIVE	SignalP-TM	SignalP-TM
8159425	SignalP_GRAM_POSITIVE	SignalP-TM	SignalP-TM
12681456	SignalP_GRAM_POSITIVE	SignalP-TM	SignalP-TM
7864423	SignalP_GRAM_POSITIVE	SignalP-TM	SignalP-TM
13139971	SignalP_GRAM_POSITIVE	SignalP-TM	SignalP-TM
1704009	SignalP_GRAM_POSITIVE	SignalP-TM	SignalP-TM
786568	SignalP_GRAM_POSITIVE	SignalP-TM	SignalP-TM
3309957	SignalP_GRAM_POSITIVE	SignalP-TM	SignalP-TM
14155827	SignalP_GRAM_POSITIVE	SignalP-TM	SignalP-TM
3211399	SignalP_GRAM_POSITIVE	SignalP-TM	SignalP-TM
11534551	SignalP_GRAM_POSITIVE	SignalP-TM	SignalP-TM
5996585	SignalP_GRAM_POSITIVE	SignalP-TM	SignalP-TM
10322069	SignalP_GRAM_POSITIVE	SignalP-TM	SignalP-TM
14483474	SignalP_GRAM_POSITIVE	SignalP-TM	SignalP-TM
1769575	SignalP_GRAM_POSITIVE	SignalP-TM	SignalP-TM
6946841	SignalP_GRAM_POSITIVE	SignalP-TM	SignalP-TM
13341178	SignalP_GRAM_POSITIVE	SignalP-TM	SignalP-TM
14291645	SignalP_GRAM_POSITIVE	SignalP-TM	SignalP-TM
11539171	SignalP_GRAM_POSITIVE	SignalP-TM	SignalP-TM
9015816	SignalP_GRAM_POSITIVE	SignalP-TM	SignalP-TM
3641993	SignalP_GRAM_POSITIVE	SignalP-TM	SignalP-TM
11539170	SignalP_GRAM_POSITIVE	SignalP-TM	SignalP-TM
12030544	SignalP_GRAM_POSITIVE	SignalP-TM	SignalP-TM
3150327	SignalP_GRAM_POSITIVE	SignalP-TM	SignalP-TM
8458697	SignalP_GRAM_POSITIVE	SignalP-TM	SignalP-TM
397755	SignalP_GRAM_POSITIVE	SignalP-TM	SignalP-TM
11342402	SignalP_GRAM_POSITIVE	SignalP-TM	SignalP-TM
15700499	SignalP_GRAM_POSITIVE	SignalP-TM	SignalP-TM
11637507	SignalP_GRAM_POSITIVE	SignalP-TM	SignalP-TM
37653	SignalP_GRAM_POSITIVE	SignalP-TM	SignalP-TM
16093992	SignalP_GRAM_POSITIVE	SignalP-TM	SignalP-TM
13243021	SignalP_GRAM_POSITIVE	SignalP-TM	SignalP-TM
13800256	SignalP_GRAM_POSITIVE	SignalP-TM	SignalP-TM
2855376	SignalP_GRAM_POSITIVE	SignalP-TM	SignalP-TM
8851958	SignalP_GRAM_POSITIVE	SignalP-TM	SignalP-TM
15798790	SignalP_GRAM_POSITIVE	SignalP-TM	SignalP-TM
12817130	SignalP_GRAM_POSITIVE	SignalP-TM	SignalP-TM
12063327	SignalP_GRAM_POSITIVE	SignalP-TM	SignalP-TM
3412729	SignalP_GRAM_POSITIVE	SignalP-TM	SignalP-TM
103046	SignalP_GRAM_POSITIVE	SignalP-TM	SignalP-TM
1839634	SignalP_GRAM_POSITIVE	SignalP-TM	SignalP-TM
14291763	SignalP_GRAM_POSITIVE	SignalP-TM	SignalP-TM
8983133	SignalP_GRAM_POSITIVE	SignalP-TM	SignalP-TM
9736775	SignalP_GRAM_POSITIVE	SignalP-TM	SignalP-TM
15926146	SignalP_GRAM_POSITIVE	SignalP-TM	SignalP-TM
4325997	SignalP_GRAM_POSITIVE	SignalP-TM	SignalP-TM
8323822	SignalP_GRAM_POSITIVE	SignalP-TM	SignalP-TM
6291958	SignalP_GRAM_POSITIVE	SignalP-TM	SignalP-TM
10519054	SignalP_GRAM_POSITIVE	SignalP-TM	SignalP-TM
14549885	SignalP_GRAM_POSITIVE	SignalP-TM	SignalP-TM
4981447	SignalP_GRAM_POSITIVE	SignalP-TM	SignalP-TM
1803149	SignalP_GRAM_POSITIVE	SignalP-TM	SignalP-TM
2491137	SignalP_GRAM_POSITIVE	SignalP-TM	SignalP-TM
8618623	SignalP_GRAM_POSITIVE	SignalP-TM	SignalP-TM
11568045	SignalP_GRAM_POSITIVE	SignalP-TM	SignalP-TM
9142866	SignalP_GRAM_POSITIVE	SignalP-TM	SignalP-TM
10912244	SignalP_GRAM_POSITIVE	SignalP-TM	SignalP-TM
15106614	SignalP_GRAM_POSITIVE	SignalP-TM	SignalP-TM
4916031	SignalP_GRAM_POSITIVE	SignalP-TM	SignalP-TM
8979197	SignalP_GRAM_POSITIVE	SignalP-TM	SignalP-TM
754259	SignalP_GRAM_POSITIVE	SignalP-TM	SignalP-TM
13140722	SignalP_GRAM_POSITIVE	SignalP-TM	SignalP-TM
10912421	SignalP_GRAM_POSITIVE	SignalP-TM	SignalP-TM
11862956	SignalP_GRAM_POSITIVE	SignalP-TM	SignalP-TM
8618733	SignalP_GRAM_POSITIVE	SignalP-TM	SignalP-TM
10912397	SignalP_GRAM_POSITIVE	SignalP-TM	SignalP-TM
8946440	SignalP_GRAM_POSITIVE	SignalP-TM	SignalP-TM
6194064	SignalP_GRAM_POSITIVE	SignalP-TM	SignalP-TM
10060381	SignalP_GRAM_POSITIVE	SignalP-TM	SignalP-TM
10715792	SignalP_GRAM_POSITIVE	SignalP-TM	SignalP-TM
12747224	SignalP_GRAM_POSITIVE	SignalP-TM	SignalP-TM
3015445	SignalP_GRAM_POSITIVE	SignalP-TM	SignalP-TM
1639087	SignalP_GRAM_POSITIVE	SignalP-TM	SignalP-TM
15832082	SignalP_GRAM_POSITIVE	SignalP-TM	SignalP-TM
5149635	SignalP_GRAM_POSITIVE	SignalP-TM	SignalP-TM
15963035	SignalP_GRAM_POSITIVE	SignalP-TM	SignalP-TM
10458048	SignalP_GRAM_POSITIVE	SignalP-TM	SignalP-TM
10622051	SignalP_GRAM_POSITIVE	SignalP-TM	SignalP-TM
2954147	SignalP_GRAM_POSITIVE	SignalP-TM	SignalP-TM
11932878	SignalP_GRAM_POSITIVE	SignalP-TM	SignalP-TM
3511229	SignalP_GRAM_POSITIVE	SignalP-TM	SignalP-TM
14324622	SignalP_GRAM_POSITIVE	SignalP-TM	SignalP-TM
4101282	SignalP_GRAM_POSITIVE	SignalP-TM	SignalP-TM
9966489	SignalP_GRAM_POSITIVE	SignalP-TM	SignalP-TM
3478618	SignalP_GRAM_POSITIVE	SignalP-TM	SignalP-TM
14619571	SignalP_GRAM_POSITIVE	SignalP-TM	SignalP-TM
7378110	SignalP_GRAM_POSITIVE	SignalP-TM	SignalP-TM
824352	SignalP_GRAM_POSITIVE	SignalP-TM	SignalP-TM
7345245	SignalP_GRAM_POSITIVE	SignalP-TM	SignalP-TM
12948406	SignalP_GRAM_POSITIVE	SignalP-TM	SignalP-TM
12096394	SignalP_GRAM_POSITIVE	SignalP-TM	SignalP-TM
11474156	SignalP_GRAM_POSITIVE	SignalP-TM	SignalP-TM
5116775	SignalP_GRAM_POSITIVE	SignalP-TM	SignalP-TM
10752959	SignalP_GRAM_POSITIVE	SignalP-TM	SignalP-TM
11080907	SignalP_GRAM_POSITIVE	SignalP-TM	SignalP-TM
7967889	SignalP_GRAM_POSITIVE	SignalP-TM	SignalP-TM
11867196	SignalP_GRAM_POSITIVE	SignalP-TM	SignalP-TM
16094188	SignalP_GRAM_POSITIVE	SignalP-TM	SignalP-TM
8590280	SignalP_GRAM_POSITIVE	SignalP-TM	SignalP-TM
1578608	SignalP_GRAM_POSITIVE	SignalP-TM	SignalP-TM
10786365	SignalP_GRAM_POSITIVE	SignalP-TM	SignalP-TM
13047441	SignalP_GRAM_POSITIVE	SignalP-TM	SignalP-TM
6362620	SignalP_GRAM_POSITIVE	SignalP-TM	SignalP-TM
661138	SignalP_GRAM_POSITIVE	SignalP-TM	SignalP-TM
7870146	SignalP_GRAM_POSITIVE	SignalP-TM	SignalP-TM
10557017	SignalP_GRAM_POSITIVE	SignalP-TM	SignalP-TM
11474605	SignalP_GRAM_POSITIVE	SignalP-TM	SignalP-TM
12195545	SignalP_GRAM_POSITIVE	SignalP-TM	SignalP-TM
5477773	SignalP_GRAM_POSITIVE	SignalP-TM	SignalP-TM
5772983	SignalP_GRAM_POSITIVE	SignalP-TM	SignalP-TM
8951052	SignalP_GRAM_POSITIVE	SignalP-TM	SignalP-TM
9311564	SignalP_GRAM_POSITIVE	SignalP-TM	SignalP-TM
12097149	SignalP_GRAM_POSITIVE	SignalP-TM	SignalP-TM
14357999	SignalP_GRAM_POSITIVE	SignalP-TM	SignalP-TM
14652689	SignalP_GRAM_POSITIVE	SignalP-TM	SignalP-TM
16586389	SignalP_GRAM_POSITIVE	SignalP-TM	SignalP-TM
10917464	SignalP_GRAM_POSITIVE	SignalP-TM	SignalP-TM
10196554	SignalP_GRAM_POSITIVE	SignalP-TM	SignalP-TM
464431	SignalP_GRAM_POSITIVE	SignalP-TM	SignalP-TM
1643812	SignalP_GRAM_POSITIVE	SignalP-TM	SignalP-TM
726550	SignalP_GRAM_POSITIVE	SignalP-TM	SignalP-TM
10327633	SignalP_GRAM_POSITIVE	SignalP-TM	SignalP-TM
1644519	SignalP_GRAM_POSITIVE	SignalP-TM	SignalP-TM
3119198	SignalP_GRAM_POSITIVE	SignalP-TM	SignalP-TM
6264665	SignalP_GRAM_POSITIVE	SignalP-TM	SignalP-TM
10131168	SignalP_GRAM_POSITIVE	SignalP-TM	SignalP-TM
1939187	SignalP_GRAM_POSITIVE	SignalP-TM	SignalP-TM
7509978	SignalP_GRAM_POSITIVE	SignalP-TM	SignalP-TM
7739445	SignalP_GRAM_POSITIVE	SignalP-TM	SignalP-TM
4167753	SignalP_GRAM_POSITIVE	SignalP-TM	SignalP-TM
5117764	SignalP_GRAM_POSITIVE	SignalP-TM	SignalP-TM
9180927	SignalP_GRAM_POSITIVE	SignalP-TM	SignalP-TM
15243019	SignalP_GRAM_POSITIVE	SignalP-TM	SignalP-TM
2725978	SignalP_GRAM_POSITIVE	SignalP-TM	SignalP-TM
10524797	SignalP_GRAM_POSITIVE	SignalP-TM	SignalP-TM
8689501	SignalP_GRAM_POSITIVE	SignalP-TM	SignalP-TM
10623018	SignalP_GRAM_POSITIVE	SignalP-TM	SignalP-TM
8263467	SignalP_GRAM_POSITIVE	SignalP-TM	SignalP-TM
11376583	SignalP_GRAM_POSITIVE	SignalP-TM	SignalP-TM
1873902	SignalP_GRAM_POSITIVE	SignalP-TM	SignalP-TM
2988135	SignalP_GRAM_POSITIVE	SignalP-TM	SignalP-TM
7804639	SignalP_GRAM_POSITIVE	SignalP-TM	SignalP-TM
4364622	SignalP_GRAM_POSITIVE	SignalP-TM	SignalP-TM
14850408	SignalP_GRAM_POSITIVE	SignalP-TM	SignalP-TM
3545234	SignalP_GRAM_POSITIVE	SignalP-TM	SignalP-TM
8624338	SignalP_GRAM_POSITIVE	SignalP-TM	SignalP-TM
5249269	SignalP_GRAM_POSITIVE	SignalP-TM	SignalP-TM
8820968	SignalP_GRAM_POSITIVE	SignalP-TM	SignalP-TM
15112359	SignalP_GRAM_POSITIVE	SignalP-TM	SignalP-TM
8821051	SignalP_GRAM_POSITIVE	SignalP-TM	SignalP-TM
2300083	SignalP_GRAM_POSITIVE	SignalP-TM	SignalP-TM
6822311	SignalP_GRAM_POSITIVE	SignalP-TM	SignalP-TM
8821164	SignalP_GRAM_POSITIVE	SignalP-TM	SignalP-TM
8821055	SignalP_GRAM_POSITIVE	SignalP-TM	SignalP-TM
8690139	SignalP_GRAM_POSITIVE	SignalP-TM	SignalP-TM
16128307	SignalP_GRAM_POSITIVE	SignalP-TM	SignalP-TM
13212098	SignalP_GRAM_POSITIVE	SignalP-TM	SignalP-TM
16521445	SignalP_GRAM_POSITIVE	SignalP-TM	SignalP-TM
8821052	SignalP_GRAM_POSITIVE	SignalP-TM	SignalP-TM
10131607	SignalP_GRAM_POSITIVE	SignalP-TM	SignalP-TM
14358926	SignalP_GRAM_POSITIVE	SignalP-TM	SignalP-TM
8722875	SignalP_GRAM_POSITIVE	SignalP-TM	SignalP-TM
14227901	SignalP_GRAM_POSITIVE	SignalP-TM	SignalP-TM
11770347	SignalP_GRAM_POSITIVE	SignalP-TM	SignalP-TM
15309287	SignalP_GRAM_POSITIVE	SignalP-TM	SignalP-TM
12720614	SignalP_GRAM_POSITIVE	SignalP-TM	SignalP-TM
1448411	SignalP_GRAM_POSITIVE	SignalP-TM	SignalP-TM
13605212	SignalP_GRAM_POSITIVE	SignalP-TM	SignalP-TM
16226592	SignalP_GRAM_POSITIVE	SignalP-TM	SignalP-TM
10164542	SignalP_GRAM_POSITIVE	SignalP-TM	SignalP-TM
7542983	SignalP_GRAM_POSITIVE	SignalP-TM	SignalP-TM
12818652	SignalP_GRAM_POSITIVE	SignalP-TM	SignalP-TM
10918376	SignalP_GRAM_POSITIVE	SignalP-TM	SignalP-TM
4659505	SignalP_GRAM_POSITIVE	SignalP-TM	SignalP-TM
4855974	SignalP_GRAM_POSITIVE	SignalP-TM	SignalP-TM
11442971	SignalP_GRAM_POSITIVE	SignalP-TM	SignalP-TM
15047179	SignalP_GRAM_POSITIVE	SignalP-TM	SignalP-TM
8526609	SignalP_GRAM_POSITIVE	SignalP-TM	SignalP-TM
2529833	SignalP_GRAM_POSITIVE	SignalP-TM	SignalP-TM
6831	SignalP_GRAM_POSITIVE	SignalP-TM	SignalP-TM
629348	SignalP_GRAM_POSITIVE	SignalP-TM	SignalP-TM
1874633	SignalP_GRAM_POSITIVE	SignalP-TM	SignalP-TM
14195444	SignalP_GRAM_POSITIVE	SignalP-TM	SignalP-TM
15997577	SignalP_GRAM_POSITIVE	SignalP-TM	SignalP-TM
1448693	SignalP_GRAM_POSITIVE	SignalP-TM	SignalP-TM
3840611	SignalP_GRAM_POSITIVE	SignalP-TM	SignalP-TM
16063031	SignalP_GRAM_POSITIVE	SignalP-TM	SignalP-TM
8624724	SignalP_GRAM_POSITIVE	SignalP-TM	SignalP-TM
3513138	SignalP_GRAM_POSITIVE	SignalP-TM	SignalP-TM
2988560	SignalP_GRAM_POSITIVE	SignalP-TM	SignalP-TM
12851940	SignalP_GRAM_POSITIVE	SignalP-TM	SignalP-TM
10721822	SignalP_GRAM_POSITIVE	SignalP-TM	SignalP-TM
3086922	SignalP_GRAM_POSITIVE	SignalP-TM	SignalP-TM
7510737	SignalP_GRAM_POSITIVE	SignalP-TM	SignalP-TM
2365973	SignalP_GRAM_POSITIVE	SignalP-TM	SignalP-TM
4070044	SignalP_GRAM_POSITIVE	SignalP-TM	SignalP-TM
14850784	SignalP_GRAM_POSITIVE	SignalP-TM	SignalP-TM
72305	SignalP_GRAM_POSITIVE	SignalP-TM	SignalP-TM
11737730	SignalP_GRAM_POSITIVE	SignalP-TM	SignalP-TM
4627265	SignalP_GRAM_POSITIVE	SignalP-TM	SignalP-TM
334522	SignalP_GRAM_POSITIVE	SignalP-TM	SignalP-TM
11705552	SignalP_GRAM_POSITIVE	SignalP-TM	SignalP-TM
5545259	SignalP_GRAM_POSITIVE	SignalP-TM	SignalP-TM
3054733	SignalP_GRAM_POSITIVE	SignalP-TM	SignalP-TM
13048966	SignalP_GRAM_POSITIVE	SignalP-TM	SignalP-TM
16260270	SignalP_GRAM_POSITIVE	SignalP-TM	SignalP-TM
11738343	SignalP_GRAM_POSITIVE	SignalP-TM	SignalP-TM
11738208	SignalP_GRAM_POSITIVE	SignalP-TM	SignalP-TM
9280722	SignalP_GRAM_POSITIVE	SignalP-TM	SignalP-TM
11443023	SignalP_GRAM_POSITIVE	SignalP-TM	SignalP-TM
10197926	SignalP_GRAM_POSITIVE	SignalP-TM	SignalP-TM
3972192	SignalP_GRAM_POSITIVE	SignalP-TM	SignalP-TM
8166657	SignalP_GRAM_POSITIVE	SignalP-TM	SignalP-TM
13245325	SignalP_GRAM_POSITIVE	SignalP-TM	SignalP-TM
6397056	SignalP_GRAM_POSITIVE	SignalP-TM	SignalP-TM
15703337	SignalP_GRAM_POSITIVE	SignalP-TM	SignalP-TM
2923802	SignalP_GRAM_POSITIVE	SignalP-TM	SignalP-TM
6757332	SignalP_GRAM_POSITIVE	SignalP-TM	SignalP-TM
12524427	SignalP_GRAM_POSITIVE	SignalP-TM	SignalP-TM
6560898	SignalP_GRAM_POSITIVE	SignalP-TM	SignalP-TM
4693047	SignalP_GRAM_POSITIVE	SignalP-TM	SignalP-TM
11017374	SignalP_GRAM_POSITIVE	SignalP-TM	SignalP-TM
8592721	SignalP_GRAM_POSITIVE	SignalP-TM	SignalP-TM
3087431	SignalP_GRAM_POSITIVE	SignalP-TM	SignalP-TM
4464150	SignalP_GRAM_POSITIVE	SignalP-TM	SignalP-TM
4300432	SignalP_GRAM_POSITIVE	SignalP-TM	SignalP-TM
10001955	SignalP_GRAM_POSITIVE	SignalP-TM	SignalP-TM
990604	SignalP_GRAM_POSITIVE	SignalP-TM	SignalP-TM
14786029	SignalP_GRAM_POSITIVE	SignalP-TM	SignalP-TM
4922774	SignalP_GRAM_POSITIVE	SignalP-TM	SignalP-TM
14622052	SignalP_GRAM_POSITIVE	SignalP-TM	SignalP-TM
16752397	SignalP_GRAM_POSITIVE	SignalP-TM	SignalP-TM
11378416	SignalP_GRAM_POSITIVE	SignalP-TM	SignalP-TM
14360202	SignalP_GRAM_POSITIVE	SignalP-TM	SignalP-TM
663137	SignalP_GRAM_POSITIVE	SignalP-TM	SignalP-TM
10591863	SignalP_GRAM_POSITIVE	SignalP-TM	SignalP-TM
5807466	SignalP_GRAM_POSITIVE	SignalP-TM	SignalP-TM
11378392	SignalP_GRAM_POSITIVE	SignalP-TM	SignalP-TM
13770218	SignalP_GRAM_POSITIVE	SignalP-TM	SignalP-TM
14720552	SignalP_GRAM_POSITIVE	SignalP-TM	SignalP-TM
4234900	SignalP_GRAM_POSITIVE	SignalP-TM	SignalP-TM
12852738	SignalP_GRAM_POSITIVE	SignalP-TM	SignalP-TM
16621259	SignalP_GRAM_POSITIVE	SignalP-TM	SignalP-TM
15506980	SignalP_GRAM_POSITIVE	SignalP-TM	SignalP-TM
11476520	SignalP_GRAM_POSITIVE	SignalP-TM	SignalP-TM
2661839	SignalP_GRAM_POSITIVE	SignalP-TM	SignalP-TM
5906052	SignalP_GRAM_POSITIVE	SignalP-TM	SignalP-TM
11869946	SignalP_GRAM_POSITIVE	SignalP-TM	SignalP-TM
6364832	SignalP_GRAM_POSITIVE	SignalP-TM	SignalP-TM
10558816	SignalP_GRAM_POSITIVE	SignalP-TM	SignalP-TM
4202177	SignalP_GRAM_POSITIVE	SignalP-TM	SignalP-TM
12852994	SignalP_GRAM_POSITIVE	SignalP-TM	SignalP-TM
10395232	SignalP_GRAM_POSITIVE	SignalP-TM	SignalP-TM
8429125	SignalP_GRAM_POSITIVE	SignalP-TM	SignalP-TM
9051579	SignalP_GRAM_POSITIVE	SignalP-TM	SignalP-TM
14196660	SignalP_GRAM_POSITIVE	SignalP-TM	SignalP-TM
4595809	SignalP_GRAM_POSITIVE	SignalP-TM	SignalP-TM
10231836	SignalP_GRAM_POSITIVE	SignalP-TM	SignalP-TM
6299773	SignalP_GRAM_POSITIVE	SignalP-TM	SignalP-TM
13148107	SignalP_GRAM_POSITIVE	SignalP-TM	SignalP-TM
7675697	SignalP_GRAM_POSITIVE	SignalP-TM	SignalP-TM
5087084	SignalP_GRAM_POSITIVE	SignalP-TM	SignalP-TM
8167574	SignalP_GRAM_POSITIVE	SignalP-TM	SignalP-TM
3285093	SignalP_GRAM_POSITIVE	SignalP-TM	SignalP-TM
8303	SignalP_GRAM_POSITIVE	SignalP-TM	SignalP-TM
10657938	SignalP_GRAM_POSITIVE	SignalP-TM	SignalP-TM
2924380	SignalP_GRAM_POSITIVE	SignalP-TM	SignalP-TM
15900852	SignalP_GRAM_POSITIVE	SignalP-TM	SignalP-TM
11280565	SignalP_GRAM_POSITIVE	SignalP-TM	SignalP-TM
16851087	SignalP_GRAM_POSITIVE	SignalP-TM	SignalP-TM
3252331	SignalP_GRAM_POSITIVE	SignalP-TM	SignalP-TM
14884823	SignalP_GRAM_POSITIVE	SignalP-TM	SignalP-TM
13115364	SignalP_GRAM_POSITIVE	SignalP-TM	SignalP-TM
5807982	SignalP_GRAM_POSITIVE	SignalP-TM	SignalP-TM
1744754	SignalP_GRAM_POSITIVE	SignalP-TM	SignalP-TM
9970312	SignalP_GRAM_POSITIVE	SignalP-TM	SignalP-TM
13345402	SignalP_GRAM_POSITIVE	SignalP-TM	SignalP-TM
2040470	SignalP_GRAM_POSITIVE	SignalP-TM	SignalP-TM
3252751	SignalP_GRAM_POSITIVE	SignalP-TM	SignalP-TM
13017603	SignalP_GRAM_POSITIVE	SignalP-TM	SignalP-TM
4268581	SignalP_GRAM_POSITIVE	SignalP-TM	SignalP-TM
2957536	SignalP_GRAM_POSITIVE	SignalP-TM	SignalP-TM
15213123	SignalP_GRAM_POSITIVE	SignalP-TM	SignalP-TM
10461690	SignalP_GRAM_POSITIVE	SignalP-TM	SignalP-TM
7840105	SignalP_GRAM_POSITIVE	SignalP-TM	SignalP-TM
5972413	SignalP_GRAM_POSITIVE	SignalP-TM	SignalP-TM
10920599	SignalP_GRAM_POSITIVE	SignalP-TM	SignalP-TM
13443476	SignalP_GRAM_POSITIVE	SignalP-TM	SignalP-TM
11444516	SignalP_GRAM_POSITIVE	SignalP-TM	SignalP-TM
500087	SignalP_GRAM_POSITIVE	SignalP-TM	SignalP-TM
8594008	SignalP_GRAM_POSITIVE	SignalP-TM	SignalP-TM
1352351	SignalP_GRAM_POSITIVE	SignalP-TM	SignalP-TM
8790725	SignalP_GRAM_POSITIVE	SignalP-TM	SignalP-TM
12886597	SignalP_GRAM_POSITIVE	SignalP-TM	SignalP-TM
13345403	SignalP_GRAM_POSITIVE	SignalP-TM	SignalP-TM
12460633	SignalP_GRAM_POSITIVE	SignalP-TM	SignalP-TM
2531580	SignalP_GRAM_POSITIVE	SignalP-TM	SignalP-TM
15245722	SignalP_GRAM_POSITIVE	SignalP-TM	SignalP-TM
1876968	SignalP_GRAM_POSITIVE	SignalP-TM	SignalP-TM
304020	SignalP_GRAM_POSITIVE	SignalP-TM	SignalP-TM
11346804	SignalP_GRAM_POSITIVE	SignalP-TM	SignalP-TM
7480170	SignalP_GRAM_POSITIVE	SignalP-TM	SignalP-TM
6071196	SignalP_GRAM_POSITIVE	SignalP-TM	SignalP-TM
11248335	SignalP_GRAM_POSITIVE	SignalP-TM	SignalP-TM
12690146	SignalP_GRAM_POSITIVE	SignalP-TM	SignalP-TM
11936781	SignalP_GRAM_POSITIVE	SignalP-TM	SignalP-TM
3908473	SignalP_GRAM_POSITIVE	SignalP-TM	SignalP-TM
11248334	SignalP_GRAM_POSITIVE	SignalP-TM	SignalP-TM
1909651	SignalP_GRAM_POSITIVE	SignalP-TM	SignalP-TM
140083	SignalP_GRAM_POSITIVE	SignalP-TM	SignalP-TM
1909663	SignalP_GRAM_POSITIVE	SignalP-TM	SignalP-TM
7087165	SignalP_GRAM_POSITIVE	SignalP-TM	SignalP-TM
1024807	SignalP_GRAM_POSITIVE	SignalP-TM	SignalP-TM
11248342	SignalP_GRAM_POSITIVE	SignalP-TM	SignalP-TM
11248341	SignalP_GRAM_POSITIVE	SignalP-TM	SignalP-TM
11248345	SignalP_GRAM_POSITIVE	SignalP-TM	SignalP-TM
1451043	SignalP_GRAM_POSITIVE	SignalP-TM	SignalP-TM
1614571	SignalP_GRAM_POSITIVE	SignalP-TM	SignalP-TM
7185232	SignalP_GRAM_POSITIVE	SignalP-TM	SignalP-TM
9118477	SignalP_GRAM_POSITIVE	SignalP-TM	SignalP-TM
16524358	SignalP_GRAM_POSITIVE	SignalP-TM	SignalP-TM
3679106	SignalP_GRAM_POSITIVE	SignalP-TM	SignalP-TM
14689278	SignalP_GRAM_POSITIVE	SignalP-TM	SignalP-TM
5735691	SignalP_GRAM_POSITIVE	SignalP-TM	SignalP-TM
6292763	SignalP_GRAM_POSITIVE	SignalP-TM	SignalP-TM
2032563	SignalP_GRAM_POSITIVE	SignalP-TM	SignalP-TM
16516124	SignalP_GRAM_POSITIVE	SignalP-TM	SignalP-TM
10159443	SignalP_GRAM_POSITIVE	SignalP-TM	SignalP-TM
14157096	SignalP_GRAM_POSITIVE	SignalP-TM	SignalP-TM
10879959	SignalP_GRAM_POSITIVE	SignalP-TM	SignalP-TM
10519795	SignalP_GRAM_POSITIVE	SignalP-TM	SignalP-TM
14714052	SignalP_GRAM_POSITIVE	SignalP-TM	SignalP-TM
8914254	SignalP_GRAM_POSITIVE	SignalP-TM	SignalP-TM
13337948	SignalP_GRAM_POSITIVE	SignalP-TM	SignalP-TM
13993294	SignalP_GRAM_POSITIVE	SignalP-TM	SignalP-TM
7210140	SignalP_GRAM_POSITIVE	SignalP-TM	SignalP-TM
4981828	SignalP_GRAM_POSITIVE	SignalP-TM	SignalP-TM
14845176	SignalP_GRAM_POSITIVE	SignalP-TM	SignalP-TM
1639673	SignalP_GRAM_POSITIVE	SignalP-TM	SignalP-TM
4326422	SignalP_GRAM_POSITIVE	SignalP-TM	SignalP-TM
7865374	SignalP_GRAM_POSITIVE	SignalP-TM	SignalP-TM
16221437	SignalP_GRAM_POSITIVE	SignalP-TM	SignalP-TM
5145681	SignalP_GRAM_POSITIVE	SignalP-TM	SignalP-TM
3736723	SignalP_GRAM_POSITIVE	SignalP-TM	SignalP-TM
12878869	SignalP_GRAM_POSITIVE	SignalP-TM	SignalP-TM
590806	SignalP_GRAM_POSITIVE	SignalP-TM	SignalP-TM
11928704	SignalP_GRAM_POSITIVE	SignalP-TM	SignalP-TM
14910818	SignalP_GRAM_POSITIVE	SignalP-TM	SignalP-TM
1836050	SignalP_GRAM_POSITIVE	SignalP-TM	SignalP-TM
2917676	SignalP_GRAM_POSITIVE	SignalP-TM	SignalP-TM
2434402	SignalP_GRAM_POSITIVE	SignalP-TM	SignalP-TM
14623917	SignalP_GRAM_POSITIVE	SignalP-TM	SignalP-TM
14361927	SignalP_GRAM_POSITIVE	SignalP-TM	SignalP-TM
13378953	SignalP_GRAM_POSITIVE	SignalP-TM	SignalP-TM
10954224	SignalP_GRAM_POSITIVE	SignalP-TM	SignalP-TM
7906534	SignalP_GRAM_POSITIVE	SignalP-TM	SignalP-TM
8627378	SignalP_GRAM_POSITIVE	SignalP-TM	SignalP-TM
14820645	SignalP_GRAM_POSITIVE	SignalP-TM	SignalP-TM
7644624	SignalP_GRAM_POSITIVE	SignalP-TM	SignalP-TM
3384594	SignalP_GRAM_POSITIVE	SignalP-TM	SignalP-TM
14492963	SignalP_GRAM_POSITIVE	SignalP-TM	SignalP-TM
2205139	SignalP_GRAM_POSITIVE	SignalP-TM	SignalP-TM
14263487	SignalP_GRAM_POSITIVE	SignalP-TM	SignalP-TM
7120289	SignalP_GRAM_POSITIVE	SignalP-TM	SignalP-TM
1025514	SignalP_GRAM_POSITIVE	SignalP-TM	SignalP-TM
14755109	SignalP_GRAM_POSITIVE	SignalP-TM	SignalP-TM
10659113	SignalP_GRAM_POSITIVE	SignalP-TM	SignalP-TM
11347099	SignalP_GRAM_POSITIVE	SignalP-TM	SignalP-TM
10626415	SignalP_GRAM_POSITIVE	SignalP-TM	SignalP-TM
107921	SignalP_GRAM_POSITIVE	SignalP-TM	SignalP-TM
3155190	SignalP_GRAM_POSITIVE	SignalP-TM	SignalP-TM
7251313	SignalP_GRAM_POSITIVE	SignalP-TM	SignalP-TM
11478267	SignalP_GRAM_POSITIVE	SignalP-TM	SignalP-TM
5055783	SignalP_GRAM_POSITIVE	SignalP-TM	SignalP-TM
10495309	SignalP_GRAM_POSITIVE	SignalP-TM	SignalP-TM
7316639	SignalP_GRAM_POSITIVE	SignalP-TM	SignalP-TM
7939531	SignalP_GRAM_POSITIVE	SignalP-TM	SignalP-TM
4203923	SignalP_GRAM_POSITIVE	SignalP-TM	SignalP-TM
7185704	SignalP_GRAM_POSITIVE	SignalP-TM	SignalP-TM
6497491	SignalP_GRAM_POSITIVE	SignalP-TM	SignalP-TM
14165936	SignalP_GRAM_POSITIVE	SignalP-TM	SignalP-TM
16426624	SignalP_GRAM_POSITIVE	SignalP-TM	SignalP-TM
4761514	SignalP_GRAM_POSITIVE	SignalP-TM	SignalP-TM
14559272	SignalP_GRAM_POSITIVE	SignalP-TM	SignalP-TM
3745675	SignalP_GRAM_POSITIVE	SignalP-TM	SignalP-TM
10495731	SignalP_GRAM_POSITIVE	SignalP-TM	SignalP-TM
8922662	SignalP_GRAM_POSITIVE	SignalP-TM	SignalP-TM
14886511	SignalP_GRAM_POSITIVE	SignalP-TM	SignalP-TM
8759181	SignalP_GRAM_POSITIVE	SignalP-TM	SignalP-TM
8922847	SignalP_GRAM_POSITIVE	SignalP-TM	SignalP-TM
6366891	SignalP_GRAM_POSITIVE	SignalP-TM	SignalP-TM
14755442	SignalP_GRAM_POSITIVE	SignalP-TM	SignalP-TM
12232454	SignalP_GRAM_POSITIVE	SignalP-TM	SignalP-TM
15574681	SignalP_GRAM_POSITIVE	SignalP-TM	SignalP-TM
2532955	SignalP_GRAM_POSITIVE	SignalP-TM	SignalP-TM
12854965	SignalP_GRAM_POSITIVE	SignalP-TM	SignalP-TM
1582728	SignalP_GRAM_POSITIVE	SignalP-TM	SignalP-TM
4368029	SignalP_GRAM_POSITIVE	SignalP-TM	SignalP-TM
10200903	SignalP_GRAM_POSITIVE	SignalP-TM	SignalP-TM
12822397	SignalP_GRAM_POSITIVE	SignalP-TM	SignalP-TM
14625084	SignalP_GRAM_POSITIVE	SignalP-TM	SignalP-TM
502081	SignalP_GRAM_POSITIVE	SignalP-TM	SignalP-TM
1682036	SignalP_GRAM_POSITIVE	SignalP-TM	SignalP-TM
4434081	SignalP_GRAM_POSITIVE	SignalP-TM	SignalP-TM
12200175	SignalP_GRAM_POSITIVE	SignalP-TM	SignalP-TM
14231686	SignalP_GRAM_POSITIVE	SignalP-TM	SignalP-TM
10037574	SignalP_GRAM_POSITIVE	SignalP-TM	SignalP-TM
1550716	SignalP_GRAM_POSITIVE	SignalP-TM	SignalP-TM
10889377	SignalP_GRAM_POSITIVE	SignalP-TM	SignalP-TM
12036350	SignalP_GRAM_POSITIVE	SignalP-TM	SignalP-TM
6924435	SignalP_GRAM_POSITIVE	SignalP-TM	SignalP-TM
1911044	SignalP_GRAM_POSITIVE	SignalP-TM	SignalP-TM
10070513	SignalP_GRAM_POSITIVE	SignalP-TM	SignalP-TM
10725556	SignalP_GRAM_POSITIVE	SignalP-TM	SignalP-TM
9775476	SignalP_GRAM_POSITIVE	SignalP-TM	SignalP-TM
5187691	SignalP_GRAM_POSITIVE	SignalP-TM	SignalP-TM
16263773	SignalP_GRAM_POSITIVE	SignalP-TM	SignalP-TM
1583262	SignalP_GRAM_POSITIVE	SignalP-TM	SignalP-TM
10004913	SignalP_GRAM_POSITIVE	SignalP-TM	SignalP-TM
9644177	SignalP_GRAM_POSITIVE	SignalP-TM	SignalP-TM
11610741	SignalP_GRAM_POSITIVE	SignalP-TM	SignalP-TM
2336872	SignalP_GRAM_POSITIVE	SignalP-TM	SignalP-TM
501888	SignalP_GRAM_POSITIVE	SignalP-TM	SignalP-TM
16394808	SignalP_GRAM_POSITIVE	SignalP-TM	SignalP-TM
5646565	SignalP_GRAM_POSITIVE	SignalP-TM	SignalP-TM
1517954	SignalP_GRAM_POSITIVE	SignalP-TM	SignalP-TM
3549530	SignalP_GRAM_POSITIVE	SignalP-TM	SignalP-TM
11298	SignalP_GRAM_POSITIVE	SignalP-TM	SignalP-TM
3877779	SignalP_GRAM_POSITIVE	SignalP-TM	SignalP-TM
15346462	SignalP_GRAM_POSITIVE	SignalP-TM	SignalP-TM
6892619	SignalP_GRAM_POSITIVE	SignalP-TM	SignalP-TM
11774908	SignalP_GRAM_POSITIVE	SignalP-TM	SignalP-TM
5024606	SignalP_GRAM_POSITIVE	SignalP-TM	SignalP-TM
8006328	SignalP_GRAM_POSITIVE	SignalP-TM	SignalP-TM
11217890	SignalP_GRAM_POSITIVE	SignalP-TM	SignalP-TM
10988652	SignalP_GRAM_POSITIVE	SignalP-TM	SignalP-TM
4467527	SignalP_GRAM_POSITIVE	SignalP-TM	SignalP-TM
3418748	SignalP_GRAM_POSITIVE	SignalP-TM	SignalP-TM
5516000	SignalP_GRAM_POSITIVE	SignalP-TM	SignalP-TM
1125146	SignalP_GRAM_POSITIVE	SignalP-TM	SignalP-TM
2632535	SignalP_GRAM_POSITIVE	SignalP-TM	SignalP-TM
15575748	SignalP_GRAM_POSITIVE	SignalP-TM	SignalP-TM
10890098	SignalP_GRAM_POSITIVE	SignalP-TM	SignalP-TM
7253105	SignalP_GRAM_POSITIVE	SignalP-TM	SignalP-TM
9841543	SignalP_GRAM_POSITIVE	SignalP-TM	SignalP-TM
10234906	SignalP_GRAM_POSITIVE	SignalP-TM	SignalP-TM
4828255	SignalP_GRAM_POSITIVE	SignalP-TM	SignalP-TM
9153474	SignalP_GRAM_POSITIVE	SignalP-TM	SignalP-TM
7056523	SignalP_GRAM_POSITIVE	SignalP-TM	SignalP-TM
15543778	SignalP_GRAM_POSITIVE	SignalP-TM	SignalP-TM
44273	SignalP_GRAM_POSITIVE	SignalP-TM	SignalP-TM
11939038	SignalP_GRAM_POSITIVE	SignalP-TM	SignalP-TM
9055454	SignalP_GRAM_POSITIVE	SignalP-TM	SignalP-TM
12528827	SignalP_GRAM_POSITIVE	SignalP-TM	SignalP-TM
13184397	SignalP_GRAM_POSITIVE	SignalP-TM	SignalP-TM
7449887	SignalP_GRAM_POSITIVE	SignalP-TM	SignalP-TM
15150596	SignalP_GRAM_POSITIVE	SignalP-TM	SignalP-TM
15772825	SignalP_GRAM_POSITIVE	SignalP-TM	SignalP-TM
1682845	SignalP_GRAM_POSITIVE	SignalP-TM	SignalP-TM
13675859	SignalP_GRAM_POSITIVE	SignalP-TM	SignalP-TM
4402608	SignalP_GRAM_POSITIVE	SignalP-TM	SignalP-TM
10300906	SignalP_GRAM_POSITIVE	SignalP-TM	SignalP-TM
3550630	SignalP_GRAM_POSITIVE	SignalP-TM	SignalP-TM
10595744	SignalP_GRAM_POSITIVE	SignalP-TM	SignalP-TM
14462233	SignalP_GRAM_POSITIVE	SignalP-TM	SignalP-TM
11775531	SignalP_GRAM_POSITIVE	SignalP-TM	SignalP-TM
3058979	SignalP_GRAM_POSITIVE	SignalP-TM	SignalP-TM
14593372	SignalP_GRAM_POSITIVE	SignalP-TM	SignalP-TM
10661402	SignalP_GRAM_POSITIVE	SignalP-TM	SignalP-TM
2075971	SignalP_GRAM_POSITIVE	SignalP-TM	SignalP-TM
3550687	SignalP_GRAM_POSITIVE	SignalP-TM	SignalP-TM
13380855	SignalP_GRAM_POSITIVE	SignalP-TM	SignalP-TM
10300968	SignalP_GRAM_POSITIVE	SignalP-TM	SignalP-TM
11874220	SignalP_GRAM_POSITIVE	SignalP-TM	SignalP-TM
568976	SignalP_GRAM_POSITIVE	SignalP-TM	SignalP-TM
13446719	SignalP_GRAM_POSITIVE	SignalP-TM	SignalP-TM
10006279	SignalP_GRAM_POSITIVE	SignalP-TM	SignalP-TM
1552075	SignalP_GRAM_POSITIVE	SignalP-TM	SignalP-TM
3747659	SignalP_GRAM_POSITIVE	SignalP-TM	SignalP-TM
2076363	SignalP_GRAM_POSITIVE	SignalP-TM	SignalP-TM
5746308	SignalP_GRAM_POSITIVE	SignalP-TM	SignalP-TM
3387314	SignalP_GRAM_POSITIVE	SignalP-TM	SignalP-TM
11480912	SignalP_GRAM_POSITIVE	SignalP-TM	SignalP-TM
6827842	SignalP_GRAM_POSITIVE	SignalP-TM	SignalP-TM
6631020	SignalP_GRAM_POSITIVE	SignalP-TM	SignalP-TM
14364459	SignalP_GRAM_POSITIVE	SignalP-TM	SignalP-TM
241340	SignalP_GRAM_POSITIVE	SignalP-TM	SignalP-TM
10727316	SignalP_GRAM_POSITIVE	SignalP-TM	SignalP-TM
6696806	SignalP_GRAM_POSITIVE	SignalP-TM	SignalP-TM
10039166	SignalP_GRAM_POSITIVE	SignalP-TM	SignalP-TM
2076652	SignalP_GRAM_POSITIVE	SignalP-TM	SignalP-TM
10629111	SignalP_GRAM_POSITIVE	SignalP-TM	SignalP-TM
16625578	SignalP_GRAM_POSITIVE	SignalP-TM	SignalP-TM
16101113	SignalP_GRAM_POSITIVE	SignalP-TM	SignalP-TM
12988349	SignalP_GRAM_POSITIVE	SignalP-TM	SignalP-TM
7909354	SignalP_GRAM_POSITIVE	SignalP-TM	SignalP-TM
6532850	SignalP_GRAM_POSITIVE	SignalP-TM	SignalP-TM
1716208	SignalP_GRAM_POSITIVE	SignalP-TM	SignalP-TM
11185792	SignalP_GRAM_POSITIVE	SignalP-TM	SignalP-TM
6598539	SignalP_GRAM_POSITIVE	SignalP-TM	SignalP-TM
3223199	SignalP_GRAM_POSITIVE	SignalP-TM	SignalP-TM
12824162	SignalP_GRAM_POSITIVE	SignalP-TM	SignalP-TM
339705	SignalP_GRAM_POSITIVE	SignalP-TM	SignalP-TM
10825702	SignalP_GRAM_POSITIVE	SignalP-TM	SignalP-TM
12169123	SignalP_GRAM_POSITIVE	SignalP-TM	SignalP-TM
5058758	SignalP_GRAM_POSITIVE	SignalP-TM	SignalP-TM
2437167	SignalP_GRAM_POSITIVE	SignalP-TM	SignalP-TM
7221531	SignalP_GRAM_POSITIVE	SignalP-TM	SignalP-TM
143477	SignalP_GRAM_POSITIVE	SignalP-TM	SignalP-TM
4370834	SignalP_GRAM_POSITIVE	SignalP-TM	SignalP-TM
5812626	SignalP_GRAM_POSITIVE	SignalP-TM	SignalP-TM
8368409	SignalP_GRAM_POSITIVE	SignalP-TM	SignalP-TM
10039537	SignalP_GRAM_POSITIVE	SignalP-TM	SignalP-TM
10858542	SignalP_GRAM_POSITIVE	SignalP-TM	SignalP-TM
10924358	SignalP_GRAM_POSITIVE	SignalP-TM	SignalP-TM
4829252	SignalP_GRAM_POSITIVE	SignalP-TM	SignalP-TM
6172959	SignalP_GRAM_POSITIVE	SignalP-TM	SignalP-TM
9908664	SignalP_GRAM_POSITIVE	SignalP-TM	SignalP-TM
13742311	SignalP_GRAM_POSITIVE	SignalP-TM	SignalP-TM
634997	SignalP_GRAM_POSITIVE	SignalP-TM	SignalP-TM
6664364	SignalP_GRAM_POSITIVE	SignalP-TM	SignalP-TM
635151	SignalP_GRAM_POSITIVE	SignalP-TM	SignalP-TM
471352	SignalP_GRAM_POSITIVE	SignalP-TM	SignalP-TM
15020230	SignalP_GRAM_POSITIVE	SignalP-TM	SignalP-TM
12300570	SignalP_GRAM_POSITIVE	SignalP-TM	SignalP-TM
4173991	SignalP_GRAM_POSITIVE	SignalP-TM	SignalP-TM
15577447	SignalP_GRAM_POSITIVE	SignalP-TM	SignalP-TM
1323365	SignalP_GRAM_POSITIVE	SignalP-TM	SignalP-TM
10236359	SignalP_GRAM_POSITIVE	SignalP-TM	SignalP-TM
9482575	SignalP_GRAM_POSITIVE	SignalP-TM	SignalP-TM
6107260	SignalP_GRAM_POSITIVE	SignalP-TM	SignalP-TM
10498465	SignalP_GRAM_POSITIVE	SignalP-TM	SignalP-TM
10236095	SignalP_GRAM_POSITIVE	SignalP-TM	SignalP-TM
5845043	SignalP_GRAM_POSITIVE	SignalP-TM	SignalP-TM
9744494	SignalP_GRAM_POSITIVE	SignalP-TM	SignalP-TM
8532786	SignalP_GRAM_POSITIVE	SignalP-TM	SignalP-TM
6795903	SignalP_GRAM_POSITIVE	SignalP-TM	SignalP-TM
13087324	SignalP_GRAM_POSITIVE	SignalP-TM	SignalP-TM
12956515	SignalP_GRAM_POSITIVE	SignalP-TM	SignalP-TM
3977913	SignalP_GRAM_POSITIVE	SignalP-TM	SignalP-TM
4010552	SignalP_GRAM_POSITIVE	SignalP-TM	SignalP-TM
5747337	SignalP_GRAM_POSITIVE	SignalP-TM	SignalP-TM
8630915	SignalP_GRAM_POSITIVE	SignalP-TM	SignalP-TM
14267267	SignalP_GRAM_POSITIVE	SignalP-TM	SignalP-TM
5222944	SignalP_GRAM_POSITIVE	SignalP-TM	SignalP-TM
2961909	SignalP_GRAM_POSITIVE	SignalP-TM	SignalP-TM
1848054	SignalP_GRAM_POSITIVE	SignalP-TM	SignalP-TM
10105748	SignalP_GRAM_POSITIVE	SignalP-TM	SignalP-TM
3388038	SignalP_GRAM_POSITIVE	SignalP-TM	SignalP-TM
4338513	SignalP_GRAM_POSITIVE	SignalP-TM	SignalP-TM
11317944	SignalP_GRAM_POSITIVE	SignalP-TM	SignalP-TM
8761961	SignalP_GRAM_POSITIVE	SignalP-TM	SignalP-TM
10334967	SignalP_GRAM_POSITIVE	SignalP-TM	SignalP-TM
15020916	SignalP_GRAM_POSITIVE	SignalP-TM	SignalP-TM
7222126	SignalP_GRAM_POSITIVE	SignalP-TM	SignalP-TM
9253590	SignalP_GRAM_POSITIVE	SignalP-TM	SignalP-TM
11612897	SignalP_GRAM_POSITIVE	SignalP-TM	SignalP-TM
5255815	SignalP_GRAM_POSITIVE	SignalP-TM	SignalP-TM
1487582	SignalP_GRAM_POSITIVE	SignalP-TM	SignalP-TM
6992792	SignalP_GRAM_POSITIVE	SignalP-TM	SignalP-TM
8598926	SignalP_GRAM_POSITIVE	SignalP-TM	SignalP-TM
4994260	SignalP_GRAM_POSITIVE	SignalP-TM	SignalP-TM
2077708	SignalP_GRAM_POSITIVE	SignalP-TM	SignalP-TM
3650678	SignalP_GRAM_POSITIVE	SignalP-TM	SignalP-TM
46202	SignalP_GRAM_POSITIVE	SignalP-TM	SignalP-TM
15119626	SignalP_GRAM_POSITIVE	SignalP-TM	SignalP-TM
9745780	SignalP_GRAM_POSITIVE	SignalP-TM	SignalP-TM
16135510	SignalP_GRAM_POSITIVE	SignalP-TM	SignalP-TM
7320759	SignalP_GRAM_POSITIVE	SignalP-TM	SignalP-TM
6829312	SignalP_GRAM_POSITIVE	SignalP-TM	SignalP-TM
3191936	SignalP_GRAM_POSITIVE	SignalP-TM	SignalP-TM
12301486	SignalP_GRAM_POSITIVE	SignalP-TM	SignalP-TM
6796274	SignalP_GRAM_POSITIVE	SignalP-TM	SignalP-TM
603298	SignalP_GRAM_POSITIVE	SignalP-TM	SignalP-TM
9909434	SignalP_GRAM_POSITIVE	SignalP-TM	SignalP-TM
2667650	SignalP_GRAM_POSITIVE	SignalP-TM	SignalP-TM
16102823	SignalP_GRAM_POSITIVE	SignalP-TM	SignalP-TM
4208040	SignalP_GRAM_POSITIVE	SignalP-TM	SignalP-TM
13710379	SignalP_GRAM_POSITIVE	SignalP-TM	SignalP-TM
5354536	SignalP_GRAM_POSITIVE	SignalP-TM	SignalP-TM
1455150	SignalP_GRAM_POSITIVE	SignalP-TM	SignalP-TM
16168246	SignalP_GRAM_POSITIVE	SignalP-TM	SignalP-TM
14562312	SignalP_GRAM_POSITIVE	SignalP-TM	SignalP-TM
15447235	SignalP_GRAM_POSITIVE	SignalP-TM	SignalP-TM
13612187	SignalP_GRAM_POSITIVE	SignalP-TM	SignalP-TM
10466701	SignalP_GRAM_POSITIVE	SignalP-TM	SignalP-TM
6337890	SignalP_GRAM_POSITIVE	SignalP-TM	SignalP-TM
10368303	SignalP_GRAM_POSITIVE	SignalP-TM	SignalP-TM
3650818	SignalP_GRAM_POSITIVE	SignalP-TM	SignalP-TM
5092610	SignalP_GRAM_POSITIVE	SignalP-TM	SignalP-TM
767905	SignalP_GRAM_POSITIVE	SignalP-TM	SignalP-TM
2930536	SignalP_GRAM_POSITIVE	SignalP-TM	SignalP-TM
5748334	SignalP_GRAM_POSITIVE	SignalP-TM	SignalP-TM
14858020	SignalP_GRAM_POSITIVE	SignalP-TM	SignalP-TM
11286299	SignalP_GRAM_POSITIVE	SignalP-TM	SignalP-TM
14333491	SignalP_GRAM_POSITIVE	SignalP-TM	SignalP-TM
4404952	SignalP_GRAM_POSITIVE	SignalP-TM	SignalP-TM
15447907	SignalP_GRAM_POSITIVE	SignalP-TM	SignalP-TM
13547226	SignalP_GRAM_POSITIVE	SignalP-TM	SignalP-TM
10303234	SignalP_GRAM_POSITIVE	SignalP-TM	SignalP-TM
13121149	SignalP_GRAM_POSITIVE	SignalP-TM	SignalP-TM
5486151	SignalP_GRAM_POSITIVE	SignalP-TM	SignalP-TM
15054737	SignalP_GRAM_POSITIVE	SignalP-TM	SignalP-TM
5846840	SignalP_GRAM_POSITIVE	SignalP-TM	SignalP-TM
9287195	SignalP_GRAM_POSITIVE	SignalP-TM	SignalP-TM
11581284	SignalP_GRAM_POSITIVE	SignalP-TM	SignalP-TM
9287327	SignalP_GRAM_POSITIVE	SignalP-TM	SignalP-TM
374696	SignalP_GRAM_POSITIVE	SignalP-TM	SignalP-TM
2471747	SignalP_GRAM_POSITIVE	SignalP-TM	SignalP-TM
12137914	SignalP_GRAM_POSITIVE	SignalP-TM	SignalP-TM
3258167	SignalP_GRAM_POSITIVE	SignalP-TM	SignalP-TM
13186957	SignalP_GRAM_POSITIVE	SignalP-TM	SignalP-TM
12531478	SignalP_GRAM_POSITIVE	SignalP-TM	SignalP-TM
3192407	SignalP_GRAM_POSITIVE	SignalP-TM	SignalP-TM
6129179	SignalP_GRAM_POSITIVE	SignalP-TM	SignalP-TM
11404981	SignalP_GRAM_POSITIVE	SignalP-TM	SignalP-TM
1967586	SignalP_GRAM_POSITIVE	SignalP-TM	SignalP-TM
9176570	SignalP_GRAM_POSITIVE	SignalP-TM	SignalP-TM
3409486	SignalP_GRAM_POSITIVE	SignalP-TM	SignalP-TM
8390404	SignalP_GRAM_POSITIVE	SignalP-TM	SignalP-TM
11437532	SignalP_GRAM_POSITIVE	SignalP-TM	SignalP-TM
10749531	SignalP_GRAM_POSITIVE	SignalP-TM	SignalP-TM
6227372	SignalP_GRAM_POSITIVE	SignalP-TM	SignalP-TM
3343842	SignalP_GRAM_POSITIVE	SignalP-TM	SignalP-TM
296620	SignalP_GRAM_POSITIVE	SignalP-TM	SignalP-TM
1836511	SignalP_GRAM_POSITIVE	SignalP-TM	SignalP-TM
7898740	SignalP_GRAM_POSITIVE	SignalP-TM	SignalP-TM
7898637	SignalP_GRAM_POSITIVE	SignalP-TM	SignalP-TM
12781216	SignalP_GRAM_POSITIVE	SignalP-TM	SignalP-TM
2328319	SignalP_GRAM_POSITIVE	SignalP-TM	SignalP-TM
15795625	SignalP_GRAM_POSITIVE	SignalP-TM	SignalP-TM
3540689	SignalP_GRAM_POSITIVE	SignalP-TM	SignalP-TM
6555097	SignalP_GRAM_POSITIVE	SignalP-TM	SignalP-TM
2033132	SignalP_GRAM_POSITIVE	SignalP-TM	SignalP-TM
4031945	SignalP_GRAM_POSITIVE	SignalP-TM	SignalP-TM
13960908	SignalP_GRAM_POSITIVE	SignalP-TM	SignalP-TM
15926691	SignalP_GRAM_POSITIVE	SignalP-TM	SignalP-TM
16385665	SignalP_GRAM_POSITIVE	SignalP-TM	SignalP-TM
951802	SignalP_GRAM_POSITIVE	SignalP-TM	SignalP-TM
16057772	SignalP_GRAM_POSITIVE	SignalP-TM	SignalP-TM
2885338	SignalP_GRAM_POSITIVE	SignalP-TM	SignalP-TM
8980203	SignalP_GRAM_POSITIVE	SignalP-TM	SignalP-TM
9176440	SignalP_GRAM_POSITIVE	SignalP-TM	SignalP-TM
4503599	SignalP_GRAM_POSITIVE	SignalP-TM	SignalP-TM
5879761	SignalP_GRAM_POSITIVE	SignalP-TM	SignalP-TM
9124130	SignalP_GRAM_POSITIVE	SignalP-TM	SignalP-TM
7780546	SignalP_GRAM_POSITIVE	SignalP-TM	SignalP-TM
15808696	SignalP_GRAM_POSITIVE	SignalP-TM	SignalP-TM
4634958	SignalP_GRAM_POSITIVE	SignalP-TM	SignalP-TM
145802	SignalP_GRAM_POSITIVE	SignalP-TM	SignalP-TM
11810972	SignalP_GRAM_POSITIVE	SignalP-TM	SignalP-TM
8829078	SignalP_GRAM_POSITIVE	SignalP-TM	SignalP-TM
8599675	SignalP_GRAM_POSITIVE	SignalP-TM	SignalP-TM
6044000	SignalP_GRAM_POSITIVE	SignalP-TM	SignalP-TM
8927493	SignalP_GRAM_POSITIVE	SignalP-TM	SignalP-TM
7190666	SignalP_GRAM_POSITIVE	SignalP-TM	SignalP-TM
5388433	SignalP_GRAM_POSITIVE	SignalP-TM	SignalP-TM
6404175	SignalP_GRAM_POSITIVE	SignalP-TM	SignalP-TM
2472130	SignalP_GRAM_POSITIVE	SignalP-TM	SignalP-TM
11843802	SignalP_GRAM_POSITIVE	SignalP-TM	SignalP-TM
6305894	SignalP_GRAM_POSITIVE	SignalP-TM	SignalP-TM
11975051	SignalP_GRAM_POSITIVE	SignalP-TM	SignalP-TM
14301394	SignalP_GRAM_POSITIVE	SignalP-TM	SignalP-TM
9189327	SignalP_GRAM_POSITIVE	SignalP-TM	SignalP-TM
7387433	SignalP_GRAM_POSITIVE	SignalP-TM	SignalP-TM
1653005	SignalP_GRAM_POSITIVE	SignalP-TM	SignalP-TM
12007820	SignalP_GRAM_POSITIVE	SignalP-TM	SignalP-TM
7846233	SignalP_GRAM_POSITIVE	SignalP-TM	SignalP-TM
11712915	SignalP_GRAM_POSITIVE	SignalP-TM	SignalP-TM
13187084	SignalP_GRAM_POSITIVE	SignalP-TM	SignalP-TM
8370304	SignalP_GRAM_POSITIVE	SignalP-TM	SignalP-TM
12695598	SignalP_GRAM_POSITIVE	SignalP-TM	SignalP-TM
4471192	SignalP_GRAM_POSITIVE	SignalP-TM	SignalP-TM
3062580	SignalP_GRAM_POSITIVE	SignalP-TM	SignalP-TM
703314	SignalP_GRAM_POSITIVE	SignalP-TM	SignalP-TM
12859887	SignalP_GRAM_POSITIVE	SignalP-TM	SignalP-TM
1686159	SignalP_GRAM_POSITIVE	SignalP-TM	SignalP-TM
9320898	SignalP_GRAM_POSITIVE	SignalP-TM	SignalP-TM
13318925	SignalP_GRAM_POSITIVE	SignalP-TM	SignalP-TM
1915387	SignalP_GRAM_POSITIVE	SignalP-TM	SignalP-TM
9255432	SignalP_GRAM_POSITIVE	SignalP-TM	SignalP-TM
3521106	SignalP_GRAM_POSITIVE	SignalP-TM	SignalP-TM
2407072	SignalP_GRAM_POSITIVE	SignalP-TM	SignalP-TM
14531158	SignalP_GRAM_POSITIVE	SignalP-TM	SignalP-TM
4668184	SignalP_GRAM_POSITIVE	SignalP-TM	SignalP-TM
9910828	SignalP_GRAM_POSITIVE	SignalP-TM	SignalP-TM
14203714	SignalP_GRAM_POSITIVE	SignalP-TM	SignalP-TM
12827416	SignalP_GRAM_POSITIVE	SignalP-TM	SignalP-TM
12728839	SignalP_GRAM_POSITIVE	SignalP-TM	SignalP-TM
15841845	SignalP_GRAM_POSITIVE	SignalP-TM	SignalP-TM
9386704	SignalP_GRAM_POSITIVE	SignalP-TM	SignalP-TM
13875740	SignalP_GRAM_POSITIVE	SignalP-TM	SignalP-TM
13515425	SignalP_GRAM_POSITIVE	SignalP-TM	SignalP-TM
11909820	SignalP_GRAM_POSITIVE	SignalP-TM	SignalP-TM
10369791	SignalP_GRAM_POSITIVE	SignalP-TM	SignalP-TM
7977813	SignalP_GRAM_POSITIVE	SignalP-TM	SignalP-TM
1653512	SignalP_GRAM_POSITIVE	SignalP-TM	SignalP-TM
14760748	SignalP_GRAM_POSITIVE	SignalP-TM	SignalP-TM
5323762	SignalP_GRAM_POSITIVE	SignalP-TM	SignalP-TM
13778006	SignalP_GRAM_POSITIVE	SignalP-TM	SignalP-TM
11681023	SignalP_GRAM_POSITIVE	SignalP-TM	SignalP-TM
9092204	SignalP_GRAM_POSITIVE	SignalP-TM	SignalP-TM
3390441	SignalP_GRAM_POSITIVE	SignalP-TM	SignalP-TM
11811984	SignalP_GRAM_POSITIVE	SignalP-TM	SignalP-TM
13057002	SignalP_GRAM_POSITIVE	SignalP-TM	SignalP-TM
2374721	SignalP_GRAM_POSITIVE	SignalP-TM	SignalP-TM
10435881	SignalP_GRAM_POSITIVE	SignalP-TM	SignalP-TM
2866326	SignalP_GRAM_POSITIVE	SignalP-TM	SignalP-TM
14269373	SignalP_GRAM_POSITIVE	SignalP-TM	SignalP-TM
3161063	SignalP_GRAM_POSITIVE	SignalP-TM	SignalP-TM
9681974	SignalP_GRAM_POSITIVE	SignalP-TM	SignalP-TM
13122561	SignalP_GRAM_POSITIVE	SignalP-TM	SignalP-TM
343307	SignalP_GRAM_POSITIVE	SignalP-TM	SignalP-TM
1391582	SignalP_GRAM_POSITIVE	SignalP-TM	SignalP-TM
10173566	SignalP_GRAM_POSITIVE	SignalP-TM	SignalP-TM
10271804	SignalP_GRAM_POSITIVE	SignalP-TM	SignalP-TM
5291196	SignalP_GRAM_POSITIVE	SignalP-TM	SignalP-TM
7781419	SignalP_GRAM_POSITIVE	SignalP-TM	SignalP-TM
12860701	SignalP_GRAM_POSITIVE	SignalP-TM	SignalP-TM
9518109	SignalP_GRAM_POSITIVE	SignalP-TM	SignalP-TM
12762120	SignalP_GRAM_POSITIVE	SignalP-TM	SignalP-TM
3587370	SignalP_GRAM_POSITIVE	SignalP-TM	SignalP-TM
6569221	SignalP_GRAM_POSITIVE	SignalP-TM	SignalP-TM
5717089	SignalP_GRAM_POSITIVE	SignalP-TM	SignalP-TM
3489457	SignalP_GRAM_POSITIVE	SignalP-TM	SignalP-TM
1064359	SignalP_GRAM_POSITIVE	SignalP-TM	SignalP-TM
2866818	SignalP_GRAM_POSITIVE	SignalP-TM	SignalP-TM
13745716	SignalP_GRAM_POSITIVE	SignalP-TM	SignalP-TM
4800034	SignalP_GRAM_POSITIVE	SignalP-TM	SignalP-TM
10403407	SignalP_GRAM_POSITIVE	SignalP-TM	SignalP-TM
4275862	SignalP_GRAM_POSITIVE	SignalP-TM	SignalP-TM
9879187	SignalP_GRAM_POSITIVE	SignalP-TM	SignalP-TM
7454113	SignalP_GRAM_POSITIVE	SignalP-TM	SignalP-TM
6504001	SignalP_GRAM_POSITIVE	SignalP-TM	SignalP-TM
12074676	SignalP_GRAM_POSITIVE	SignalP-TM	SignalP-TM
4472184	SignalP_GRAM_POSITIVE	SignalP-TM	SignalP-TM
4046352	SignalP_GRAM_POSITIVE	SignalP-TM	SignalP-TM
572755	SignalP_GRAM_POSITIVE	SignalP-TM	SignalP-TM
5488169	SignalP_GRAM_POSITIVE	SignalP-TM	SignalP-TM
2276798	SignalP_GRAM_POSITIVE	SignalP-TM	SignalP-TM
5095062	SignalP_GRAM_POSITIVE	SignalP-TM	SignalP-TM
10993294	SignalP_GRAM_POSITIVE	SignalP-TM	SignalP-TM
2178518	SignalP_GRAM_POSITIVE	SignalP-TM	SignalP-TM
3358061	SignalP_GRAM_POSITIVE	SignalP-TM	SignalP-TM
6340217	SignalP_GRAM_POSITIVE	SignalP-TM	SignalP-TM
14499423	SignalP_GRAM_POSITIVE	SignalP-TM	SignalP-TM
10108588	SignalP_GRAM_POSITIVE	SignalP-TM	SignalP-TM
10403621	SignalP_GRAM_POSITIVE	SignalP-TM	SignalP-TM
14237458	SignalP_GRAM_POSITIVE	SignalP-TM	SignalP-TM
5619416	SignalP_GRAM_POSITIVE	SignalP-TM	SignalP-TM
15515336	SignalP_GRAM_POSITIVE	SignalP-TM	SignalP-TM
2211595	SignalP_GRAM_POSITIVE	SignalP-TM	SignalP-TM
4865912	SignalP_GRAM_POSITIVE	SignalP-TM	SignalP-TM
704323	SignalP_GRAM_POSITIVE	SignalP-TM	SignalP-TM
4177622	SignalP_GRAM_POSITIVE	SignalP-TM	SignalP-TM
12074789	SignalP_GRAM_POSITIVE	SignalP-TM	SignalP-TM
10371059	SignalP_GRAM_POSITIVE	SignalP-TM	SignalP-TM
8732661	SignalP_GRAM_POSITIVE	SignalP-TM	SignalP-TM
13189156	SignalP_GRAM_POSITIVE	SignalP-TM	SignalP-TM
10862370	SignalP_GRAM_POSITIVE	SignalP-TM	SignalP-TM
311225	SignalP_GRAM_POSITIVE	SignalP-TM	SignalP-TM
7323663	SignalP_GRAM_POSITIVE	SignalP-TM	SignalP-TM
13877026	SignalP_GRAM_POSITIVE	SignalP-TM	SignalP-TM
4636533	SignalP_GRAM_POSITIVE	SignalP-TM	SignalP-TM
11058899	SignalP_GRAM_POSITIVE	SignalP-TM	SignalP-TM
11812894	SignalP_GRAM_POSITIVE	SignalP-TM	SignalP-TM
1916862	SignalP_GRAM_POSITIVE	SignalP-TM	SignalP-TM
10370992	SignalP_GRAM_POSITIVE	SignalP-TM	SignalP-TM
8699928	SignalP_GRAM_POSITIVE	SignalP-TM	SignalP-TM
343943	SignalP_GRAM_POSITIVE	SignalP-TM	SignalP-TM
8667249	SignalP_GRAM_POSITIVE	SignalP-TM	SignalP-TM
7651596	SignalP_GRAM_POSITIVE	SignalP-TM	SignalP-TM
1556999	SignalP_GRAM_POSITIVE	SignalP-TM	SignalP-TM
9454178	SignalP_GRAM_POSITIVE	SignalP-TM	SignalP-TM
14238310	SignalP_GRAM_POSITIVE	SignalP-TM	SignalP-TM
2966151	SignalP_GRAM_POSITIVE	SignalP-TM	SignalP-TM
7815391	SignalP_GRAM_POSITIVE	SignalP-TM	SignalP-TM
11747429	SignalP_GRAM_POSITIVE	SignalP-TM	SignalP-TM
14074015	SignalP_GRAM_POSITIVE	SignalP-TM	SignalP-TM
13058395	SignalP_GRAM_POSITIVE	SignalP-TM	SignalP-TM
1818976	SignalP_GRAM_POSITIVE	SignalP-TM	SignalP-TM
8864013	SignalP_GRAM_POSITIVE	SignalP-TM	SignalP-TM
13058434	SignalP_GRAM_POSITIVE	SignalP-TM	SignalP-TM
15385117	SignalP_GRAM_POSITIVE	SignalP-TM	SignalP-TM
10600718	SignalP_GRAM_POSITIVE	SignalP-TM	SignalP-TM
10895633	SignalP_GRAM_POSITIVE	SignalP-TM	SignalP-TM
2998745	SignalP_GRAM_POSITIVE	SignalP-TM	SignalP-TM
4669610	SignalP_GRAM_POSITIVE	SignalP-TM	SignalP-TM
7815814	SignalP_GRAM_POSITIVE	SignalP-TM	SignalP-TM
3490324	SignalP_GRAM_POSITIVE	SignalP-TM	SignalP-TM
7094408	SignalP_GRAM_POSITIVE	SignalP-TM	SignalP-TM
16826755	SignalP_GRAM_POSITIVE	SignalP-TM	SignalP-TM
2277635	SignalP_GRAM_POSITIVE	SignalP-TM	SignalP-TM
14565513	SignalP_GRAM_POSITIVE	SignalP-TM	SignalP-TM
12271864	SignalP_GRAM_POSITIVE	SignalP-TM	SignalP-TM
12763582	SignalP_GRAM_POSITIVE	SignalP-TM	SignalP-TM
7193028	SignalP_GRAM_POSITIVE	SignalP-TM	SignalP-TM
10961189	SignalP_GRAM_POSITIVE	SignalP-TM	SignalP-TM
10011274	SignalP_GRAM_POSITIVE	SignalP-TM	SignalP-TM
4408273	SignalP_GRAM_POSITIVE	SignalP-TM	SignalP-TM
606925	SignalP_GRAM_POSITIVE	SignalP-TM	SignalP-TM
8143837	SignalP_GRAM_POSITIVE	SignalP-TM	SignalP-TM
8929944	SignalP_GRAM_POSITIVE	SignalP-TM	SignalP-TM
4309806	SignalP_GRAM_POSITIVE	SignalP-TM	SignalP-TM
8897483	SignalP_GRAM_POSITIVE	SignalP-TM	SignalP-TM
607001	SignalP_GRAM_POSITIVE	SignalP-TM	SignalP-TM
14730200	SignalP_GRAM_POSITIVE	SignalP-TM	SignalP-TM
15156237	SignalP_GRAM_POSITIVE	SignalP-TM	SignalP-TM
737979	SignalP_GRAM_POSITIVE	SignalP-TM	SignalP-TM
12337906	SignalP_GRAM_POSITIVE	SignalP-TM	SignalP-TM
13189850	SignalP_GRAM_POSITIVE	SignalP-TM	SignalP-TM
3064723	SignalP_GRAM_POSITIVE	SignalP-TM	SignalP-TM
7815913	SignalP_GRAM_POSITIVE	SignalP-TM	SignalP-TM
3326918	SignalP_GRAM_POSITIVE	SignalP-TM	SignalP-TM
574394	SignalP_GRAM_POSITIVE	SignalP-TM	SignalP-TM
10371748	SignalP_GRAM_POSITIVE	SignalP-TM	SignalP-TM
2146987	SignalP_GRAM_POSITIVE	SignalP-TM	SignalP-TM
11616978	SignalP_GRAM_POSITIVE	SignalP-TM	SignalP-TM
13288349	SignalP_GRAM_POSITIVE	SignalP-TM	SignalP-TM
2409495	SignalP_GRAM_POSITIVE	SignalP-TM	SignalP-TM
3195729	SignalP_GRAM_POSITIVE	SignalP-TM	SignalP-TM
16073769	SignalP_GRAM_POSITIVE	SignalP-TM	SignalP-TM
5358537	SignalP_GRAM_POSITIVE	SignalP-TM	SignalP-TM
10863536	SignalP_GRAM_POSITIVE	SignalP-TM	SignalP-TM
7389976	SignalP_GRAM_POSITIVE	SignalP-TM	SignalP-TM
4375484	SignalP_GRAM_POSITIVE	SignalP-TM	SignalP-TM
8733692	SignalP_GRAM_POSITIVE	SignalP-TM	SignalP-TM
2016266	SignalP_GRAM_POSITIVE	SignalP-TM	SignalP-TM
6374066	SignalP_GRAM_POSITIVE	SignalP-TM	SignalP-TM
10339476	SignalP_GRAM_POSITIVE	SignalP-TM	SignalP-TM
5391432	SignalP_GRAM_POSITIVE	SignalP-TM	SignalP-TM
5162126	SignalP_GRAM_POSITIVE	SignalP-TM	SignalP-TM
13714505	SignalP_GRAM_POSITIVE	SignalP-TM	SignalP-TM
15353064	SignalP_GRAM_POSITIVE	SignalP-TM	SignalP-TM
9389291	SignalP_GRAM_POSITIVE	SignalP-TM	SignalP-TM
1885356	SignalP_GRAM_POSITIVE	SignalP-TM	SignalP-TM
15353149	SignalP_GRAM_POSITIVE	SignalP-TM	SignalP-TM
4834572	SignalP_GRAM_POSITIVE	SignalP-TM	SignalP-TM
12960963	SignalP_GRAM_POSITIVE	SignalP-TM	SignalP-TM
4605232	SignalP_GRAM_POSITIVE	SignalP-TM	SignalP-TM
9717053	SignalP_GRAM_POSITIVE	SignalP-TM	SignalP-TM
10765432	SignalP_GRAM_POSITIVE	SignalP-TM	SignalP-TM
14435520	SignalP_GRAM_POSITIVE	SignalP-TM	SignalP-TM
15091093	SignalP_GRAM_POSITIVE	SignalP-TM	SignalP-TM
12535199	SignalP_GRAM_POSITIVE	SignalP-TM	SignalP-TM
16565740	SignalP_GRAM_POSITIVE	SignalP-TM	SignalP-TM
7358279	SignalP_GRAM_POSITIVE	SignalP-TM	SignalP-TM
16565750	SignalP_GRAM_POSITIVE	SignalP-TM	SignalP-TM
15877625	SignalP_GRAM_POSITIVE	SignalP-TM	SignalP-TM
1557946	SignalP_GRAM_POSITIVE	SignalP-TM	SignalP-TM
10831303	SignalP_GRAM_POSITIVE	SignalP-TM	SignalP-TM
10503833	SignalP_GRAM_POSITIVE	SignalP-TM	SignalP-TM
8111866	SignalP_GRAM_POSITIVE	SignalP-TM	SignalP-TM
3262005	SignalP_GRAM_POSITIVE	SignalP-TM	SignalP-TM
10077712	SignalP_GRAM_POSITIVE	SignalP-TM	SignalP-TM
10241810	SignalP_GRAM_POSITIVE	SignalP-TM	SignalP-TM
8111855	SignalP_GRAM_POSITIVE	SignalP-TM	SignalP-TM
1328800	SignalP_GRAM_POSITIVE	SignalP-TM	SignalP-TM
16205367	SignalP_GRAM_POSITIVE	SignalP-TM	SignalP-TM
10536586	SignalP_GRAM_POSITIVE	SignalP-TM	SignalP-TM
13026743	SignalP_GRAM_POSITIVE	SignalP-TM	SignalP-TM
15779526	SignalP_GRAM_POSITIVE	SignalP-TM	SignalP-TM
4671102	SignalP_GRAM_POSITIVE	SignalP-TM	SignalP-TM
7194375	SignalP_GRAM_POSITIVE	SignalP-TM	SignalP-TM
16565737	SignalP_GRAM_POSITIVE	SignalP-TM	SignalP-TM
16565742	SignalP_GRAM_POSITIVE	SignalP-TM	SignalP-TM
5850928	SignalP_GRAM_POSITIVE	SignalP-TM	SignalP-TM
16795390	SignalP_GRAM_POSITIVE	SignalP-TM	SignalP-TM
16139861	SignalP_GRAM_POSITIVE	SignalP-TM	SignalP-TM
5195581	SignalP_GRAM_POSITIVE	SignalP-TM	SignalP-TM
14304810	SignalP_GRAM_POSITIVE	SignalP-TM	SignalP-TM
739189	SignalP_GRAM_POSITIVE	SignalP-TM	SignalP-TM
1885811	SignalP_GRAM_POSITIVE	SignalP-TM	SignalP-TM
673334	SignalP_GRAM_POSITIVE	SignalP-TM	SignalP-TM
8996555	SignalP_GRAM_POSITIVE	SignalP-TM	SignalP-TM
10340206	SignalP_GRAM_POSITIVE	SignalP-TM	SignalP-TM
8996534	SignalP_GRAM_POSITIVE	SignalP-TM	SignalP-TM
14173979	SignalP_GRAM_POSITIVE	SignalP-TM	SignalP-TM
2148431	SignalP_GRAM_POSITIVE	SignalP-TM	SignalP-TM
14436280	SignalP_GRAM_POSITIVE	SignalP-TM	SignalP-TM
10668113	SignalP_GRAM_POSITIVE	SignalP-TM	SignalP-TM
14370849	SignalP_GRAM_POSITIVE	SignalP-TM	SignalP-TM
15779847	SignalP_GRAM_POSITIVE	SignalP-TM	SignalP-TM
10766328	SignalP_GRAM_POSITIVE	SignalP-TM	SignalP-TM
10406187	SignalP_GRAM_POSITIVE	SignalP-TM	SignalP-TM
16369907	SignalP_GRAM_POSITIVE	SignalP-TM	SignalP-TM
3360714	SignalP_GRAM_POSITIVE	SignalP-TM	SignalP-TM
11323676	SignalP_GRAM_POSITIVE	SignalP-TM	SignalP-TM
10307473	SignalP_GRAM_POSITIVE	SignalP-TM	SignalP-TM
13125495	SignalP_GRAM_POSITIVE	SignalP-TM	SignalP-TM
10700671	SignalP_GRAM_POSITIVE	SignalP-TM	SignalP-TM
10438674	SignalP_GRAM_POSITIVE	SignalP-TM	SignalP-TM
2050048	SignalP_GRAM_POSITIVE	SignalP-TM	SignalP-TM
8832905	SignalP_GRAM_POSITIVE	SignalP-TM	SignalP-TM
12404888	SignalP_GRAM_POSITIVE	SignalP-TM	SignalP-TM
9619502	SignalP_GRAM_POSITIVE	SignalP-TM	SignalP-TM
3590456	SignalP_GRAM_POSITIVE	SignalP-TM	SignalP-TM
15517738	SignalP_GRAM_POSITIVE	SignalP-TM	SignalP-TM
3033153	SignalP_GRAM_POSITIVE	SignalP-TM	SignalP-TM
12994704	SignalP_GRAM_POSITIVE	SignalP-TM	SignalP-TM
15091909	SignalP_GRAM_POSITIVE	SignalP-TM	SignalP-TM
10275031	SignalP_GRAM_POSITIVE	SignalP-TM	SignalP-TM
10831741	SignalP_GRAM_POSITIVE	SignalP-TM	SignalP-TM
1886359	SignalP_GRAM_POSITIVE	SignalP-TM	SignalP-TM
13256855	SignalP_GRAM_POSITIVE	SignalP-TM	SignalP-TM
6047817	SignalP_GRAM_POSITIVE	SignalP-TM	SignalP-TM
4507585	SignalP_GRAM_POSITIVE	SignalP-TM	SignalP-TM
10012601	SignalP_GRAM_POSITIVE	SignalP-TM	SignalP-TM
903213	SignalP_GRAM_POSITIVE	SignalP-TM	SignalP-TM
2509069	SignalP_GRAM_POSITIVE	SignalP-TM	SignalP-TM
16632130	SignalP_GRAM_POSITIVE	SignalP-TM	SignalP-TM
2213786	SignalP_GRAM_POSITIVE	SignalP-TM	SignalP-TM
4769827	SignalP_GRAM_POSITIVE	SignalP-TM	SignalP-TM
5752966	SignalP_GRAM_POSITIVE	SignalP-TM	SignalP-TM
8472480	SignalP_GRAM_POSITIVE	SignalP-TM	SignalP-TM
14370851	SignalP_GRAM_POSITIVE	SignalP-TM	SignalP-TM
215286	SignalP_GRAM_POSITIVE	SignalP-TM	SignalP-TM
5277732	SignalP_GRAM_POSITIVE	SignalP-TM	SignalP-TM
1312988	SignalP_GRAM_POSITIVE	SignalP-TM	SignalP-TM
7407858	SignalP_GRAM_POSITIVE	SignalP-TM	SignalP-TM
13633315	SignalP_GRAM_POSITIVE	SignalP-TM	SignalP-TM
16058588	SignalP_GRAM_POSITIVE	SignalP-TM	SignalP-TM
12224734	SignalP_GRAM_POSITIVE	SignalP-TM	SignalP-TM
16419043	SignalP_GRAM_POSITIVE	SignalP-TM	SignalP-TM
3966835	SignalP_GRAM_POSITIVE	SignalP-TM	SignalP-TM
6621034	SignalP_GRAM_POSITIVE	SignalP-TM	SignalP-TM
10192906	SignalP_GRAM_POSITIVE	SignalP-TM	SignalP-TM
3541108	SignalP_GRAM_POSITIVE	SignalP-TM	SignalP-TM
14518402	SignalP_GRAM_POSITIVE	SignalP-TM	SignalP-TM
14616497	SignalP_GRAM_POSITIVE	SignalP-TM	SignalP-TM
4655331	SignalP_GRAM_POSITIVE	SignalP-TM	SignalP-TM
1509641	SignalP_GRAM_POSITIVE	SignalP-TM	SignalP-TM
15992742	SignalP_GRAM_POSITIVE	SignalP-TM	SignalP-TM
15632452	SignalP_GRAM_POSITIVE	SignalP-TM	SignalP-TM
6162513	SignalP_GRAM_POSITIVE	SignalP-TM	SignalP-TM
15337573	SignalP_GRAM_POSITIVE	SignalP-TM	SignalP-TM
1574692	SignalP_GRAM_POSITIVE	SignalP-TM	SignalP-TM
4982723	SignalP_GRAM_POSITIVE	SignalP-TM	SignalP-TM
4392800	SignalP_GRAM_POSITIVE	SignalP-TM	SignalP-TM
15632301	SignalP_GRAM_POSITIVE	SignalP-TM	SignalP-TM
4115030	SignalP_GRAM_POSITIVE	SignalP-TM	SignalP-TM
7326039	SignalP_GRAM_POSITIVE	SignalP-TM	SignalP-TM
12372741	SignalP_GRAM_POSITIVE	SignalP-TM	SignalP-TM
10046248	SignalP_GRAM_POSITIVE	SignalP-TM	SignalP-TM
4606463	SignalP_GRAM_POSITIVE	SignalP-TM	SignalP-TM
11586219	SignalP_GRAM_POSITIVE	SignalP-TM	SignalP-TM
12994996	SignalP_GRAM_POSITIVE	SignalP-TM	SignalP-TM
1493410	SignalP_GRAM_POSITIVE	SignalP-TM	SignalP-TM
11717402	SignalP_GRAM_POSITIVE	SignalP-TM	SignalP-TM
10865021	SignalP_GRAM_POSITIVE	SignalP-TM	SignalP-TM
9259734	SignalP_GRAM_POSITIVE	SignalP-TM	SignalP-TM
6408574	SignalP_GRAM_POSITIVE	SignalP-TM	SignalP-TM
3361351	SignalP_GRAM_POSITIVE	SignalP-TM	SignalP-TM
12994997	SignalP_GRAM_POSITIVE	SignalP-TM	SignalP-TM
10144079	SignalP_GRAM_POSITIVE	SignalP-TM	SignalP-TM
3459817	SignalP_GRAM_POSITIVE	SignalP-TM	SignalP-TM
10013133	SignalP_GRAM_POSITIVE	SignalP-TM	SignalP-TM
3918165	SignalP_GRAM_POSITIVE	SignalP-TM	SignalP-TM
6113998	SignalP_GRAM_POSITIVE	SignalP-TM	SignalP-TM
15321590	SignalP_GRAM_POSITIVE	SignalP-TM	SignalP-TM
10767003	SignalP_GRAM_POSITIVE	SignalP-TM	SignalP-TM
12045045	SignalP_GRAM_POSITIVE	SignalP-TM	SignalP-TM
15714929	SignalP_GRAM_POSITIVE	SignalP-TM	SignalP-TM
15092285	SignalP_GRAM_POSITIVE	SignalP-TM	SignalP-TM
380036	SignalP_GRAM_POSITIVE	SignalP-TM	SignalP-TM
11947169	SignalP_GRAM_POSITIVE	SignalP-TM	SignalP-TM
5360930	SignalP_GRAM_POSITIVE	SignalP-TM	SignalP-TM
14142365	SignalP_GRAM_POSITIVE	SignalP-TM	SignalP-TM
14339227	SignalP_GRAM_POSITIVE	SignalP-TM	SignalP-TM
10341454	SignalP_GRAM_POSITIVE	SignalP-TM	SignalP-TM
6179813	SignalP_GRAM_POSITIVE	SignalP-TM	SignalP-TM
2673715	SignalP_GRAM_POSITIVE	SignalP-TM	SignalP-TM
15911795	SignalP_GRAM_POSITIVE	SignalP-TM	SignalP-TM
2313340	SignalP_GRAM_POSITIVE	SignalP-TM	SignalP-TM
5458896	SignalP_GRAM_POSITIVE	SignalP-TM	SignalP-TM
16010115	SignalP_GRAM_POSITIVE	SignalP-TM	SignalP-TM
936903	SignalP_GRAM_POSITIVE	SignalP-TM	SignalP-TM
7523551	SignalP_GRAM_POSITIVE	SignalP-TM	SignalP-TM
7294091	SignalP_GRAM_POSITIVE	SignalP-TM	SignalP-TM
14928926	SignalP_GRAM_POSITIVE	SignalP-TM	SignalP-TM
2051271	SignalP_GRAM_POSITIVE	SignalP-TM	SignalP-TM
12143651	SignalP_GRAM_POSITIVE	SignalP-TM	SignalP-TM
3230694	SignalP_GRAM_POSITIVE	SignalP-TM	SignalP-TM
576428	SignalP_GRAM_POSITIVE	SignalP-TM	SignalP-TM
13978687	SignalP_GRAM_POSITIVE	SignalP-TM	SignalP-TM
5590228	SignalP_GRAM_POSITIVE	SignalP-TM	SignalP-TM
7359720	SignalP_GRAM_POSITIVE	SignalP-TM	SignalP-TM
12799593	SignalP_GRAM_POSITIVE	SignalP-TM	SignalP-TM
1658184	SignalP_GRAM_POSITIVE	SignalP-TM	SignalP-TM
16240055	SignalP_GRAM_POSITIVE	SignalP-TM	SignalP-TM
1592702	SignalP_GRAM_POSITIVE	SignalP-TM	SignalP-TM
16436836	SignalP_GRAM_POSITIVE	SignalP-TM	SignalP-TM
7228835	SignalP_GRAM_POSITIVE	SignalP-TM	SignalP-TM
740705	SignalP_GRAM_POSITIVE	SignalP-TM	SignalP-TM
5623237	SignalP_GRAM_POSITIVE	SignalP-TM	SignalP-TM
11816499	SignalP_GRAM_POSITIVE	SignalP-TM	SignalP-TM
1920483	SignalP_GRAM_POSITIVE	SignalP-TM	SignalP-TM
6901205	SignalP_GRAM_POSITIVE	SignalP-TM	SignalP-TM
8212184	SignalP_GRAM_POSITIVE	SignalP-TM	SignalP-TM
11062990	SignalP_GRAM_POSITIVE	SignalP-TM	SignalP-TM
52866	SignalP_GRAM_POSITIVE	SignalP-TM	SignalP-TM
11062913	SignalP_GRAM_POSITIVE	SignalP-TM	SignalP-TM
12701084	SignalP_GRAM_POSITIVE	SignalP-TM	SignalP-TM
8343042	SignalP_GRAM_POSITIVE	SignalP-TM	SignalP-TM
6114741	SignalP_GRAM_POSITIVE	SignalP-TM	SignalP-TM
14372518	SignalP_GRAM_POSITIVE	SignalP-TM	SignalP-TM
15519467	SignalP_GRAM_POSITIVE	SignalP-TM	SignalP-TM
3198306	SignalP_GRAM_POSITIVE	SignalP-TM	SignalP-TM
5820132	SignalP_GRAM_POSITIVE	SignalP-TM	SignalP-TM
12504639	SignalP_GRAM_POSITIVE	SignalP-TM	SignalP-TM
16240146	SignalP_GRAM_POSITIVE	SignalP-TM	SignalP-TM
12406349	SignalP_GRAM_POSITIVE	SignalP-TM	SignalP-TM
8736327	SignalP_GRAM_POSITIVE	SignalP-TM	SignalP-TM
9621162	SignalP_GRAM_POSITIVE	SignalP-TM	SignalP-TM
16142006	SignalP_GRAM_POSITIVE	SignalP-TM	SignalP-TM
13323833	SignalP_GRAM_POSITIVE	SignalP-TM	SignalP-TM
12340889	SignalP_GRAM_POSITIVE	SignalP-TM	SignalP-TM
2445339	SignalP_GRAM_POSITIVE	SignalP-TM	SignalP-TM
2445345	SignalP_GRAM_POSITIVE	SignalP-TM	SignalP-TM
8146946	SignalP_GRAM_POSITIVE	SignalP-TM	SignalP-TM
4738921	SignalP_GRAM_POSITIVE	SignalP-TM	SignalP-TM
15650875	SignalP_GRAM_POSITIVE	SignalP-TM	SignalP-TM
14536586	SignalP_GRAM_POSITIVE	SignalP-TM	SignalP-TM
10670193	SignalP_GRAM_POSITIVE	SignalP-TM	SignalP-TM
9228242	SignalP_GRAM_POSITIVE	SignalP-TM	SignalP-TM
3428570	SignalP_GRAM_POSITIVE	SignalP-TM	SignalP-TM
6770589	SignalP_GRAM_POSITIVE	SignalP-TM	SignalP-TM
4280075	SignalP_GRAM_POSITIVE	SignalP-TM	SignalP-TM
8409022	SignalP_GRAM_POSITIVE	SignalP-TM	SignalP-TM
8114197	SignalP_GRAM_POSITIVE	SignalP-TM	SignalP-TM
10670085	SignalP_GRAM_POSITIVE	SignalP-TM	SignalP-TM
5951591	SignalP_GRAM_POSITIVE	SignalP-TM	SignalP-TM
5820166	SignalP_GRAM_POSITIVE	SignalP-TM	SignalP-TM
3821748	SignalP_GRAM_POSITIVE	SignalP-TM	SignalP-TM
11718783	SignalP_GRAM_POSITIVE	SignalP-TM	SignalP-TM
14110731	SignalP_GRAM_POSITIVE	SignalP-TM	SignalP-TM
5001241	SignalP_GRAM_POSITIVE	SignalP-TM	SignalP-TM
9392263	SignalP_GRAM_POSITIVE	SignalP-TM	SignalP-TM
6049680	SignalP_GRAM_POSITIVE	SignalP-TM	SignalP-TM
14111357	SignalP_GRAM_POSITIVE	SignalP-TM	SignalP-TM
12374359	SignalP_GRAM_POSITIVE	SignalP-TM	SignalP-TM
1823308	SignalP_GRAM_POSITIVE	SignalP-TM	SignalP-TM
8573261	SignalP_GRAM_POSITIVE	SignalP-TM	SignalP-TM
7426694	SignalP_GRAM_POSITIVE	SignalP-TM	SignalP-TM
1856221	SignalP_GRAM_POSITIVE	SignalP-TM	SignalP-TM
9196119	SignalP_GRAM_POSITIVE	SignalP-TM	SignalP-TM
9589395	SignalP_GRAM_POSITIVE	SignalP-TM	SignalP-TM
14078233	SignalP_GRAM_POSITIVE	SignalP-TM	SignalP-TM
2117916	SignalP_GRAM_POSITIVE	SignalP-TM	SignalP-TM
13554130	SignalP_GRAM_POSITIVE	SignalP-TM	SignalP-TM
10539529	SignalP_GRAM_POSITIVE	SignalP-TM	SignalP-TM
7819623	SignalP_GRAM_POSITIVE	SignalP-TM	SignalP-TM
6509066	SignalP_GRAM_POSITIVE	SignalP-TM	SignalP-TM
11424363	SignalP_GRAM_POSITIVE	SignalP-TM	SignalP-TM
9589255	SignalP_GRAM_POSITIVE	SignalP-TM	SignalP-TM
9228864	SignalP_GRAM_POSITIVE	SignalP-TM	SignalP-TM
11358473	SignalP_GRAM_POSITIVE	SignalP-TM	SignalP-TM
6115608	SignalP_GRAM_POSITIVE	SignalP-TM	SignalP-TM
11456802	SignalP_GRAM_POSITIVE	SignalP-TM	SignalP-TM
14307829	SignalP_GRAM_POSITIVE	SignalP-TM	SignalP-TM
10539261	SignalP_GRAM_POSITIVE	SignalP-TM	SignalP-TM
10506555	SignalP_GRAM_POSITIVE	SignalP-TM	SignalP-TM
151784	SignalP_GRAM_POSITIVE	SignalP-TM	SignalP-TM
11358786	SignalP_GRAM_POSITIVE	SignalP-TM	SignalP-TM
7164879	SignalP_GRAM_POSITIVE	SignalP-TM	SignalP-TM
1856570	SignalP_GRAM_POSITIVE	SignalP-TM	SignalP-TM
8999683	SignalP_GRAM_POSITIVE	SignalP-TM	SignalP-TM
13915257	SignalP_GRAM_POSITIVE	SignalP-TM	SignalP-TM
1004474	SignalP_GRAM_POSITIVE	SignalP-TM	SignalP-TM
14144507	SignalP_GRAM_POSITIVE	SignalP-TM	SignalP-TM
1954991	SignalP_GRAM_POSITIVE	SignalP-TM	SignalP-TM
11654187	SignalP_GRAM_POSITIVE	SignalP-TM	SignalP-TM
1921977	SignalP_GRAM_POSITIVE	SignalP-TM	SignalP-TM
15029401	SignalP_GRAM_POSITIVE	SignalP-TM	SignalP-TM
8475493	SignalP_GRAM_POSITIVE	SignalP-TM	SignalP-TM
16339723	SignalP_GRAM_POSITIVE	SignalP-TM	SignalP-TM
13685709	SignalP_GRAM_POSITIVE	SignalP-TM	SignalP-TM
4707085	SignalP_GRAM_POSITIVE	SignalP-TM	SignalP-TM
12702450	SignalP_GRAM_POSITIVE	SignalP-TM	SignalP-TM
10507113	SignalP_GRAM_POSITIVE	SignalP-TM	SignalP-TM
4281297	SignalP_GRAM_POSITIVE	SignalP-TM	SignalP-TM
3822328	SignalP_GRAM_POSITIVE	SignalP-TM	SignalP-TM
2151183	SignalP_GRAM_POSITIVE	SignalP-TM	SignalP-TM
11326404	SignalP_GRAM_POSITIVE	SignalP-TM	SignalP-TM
12211162	SignalP_GRAM_POSITIVE	SignalP-TM	SignalP-TM
5100449	SignalP_GRAM_POSITIVE	SignalP-TM	SignalP-TM
8835818	SignalP_GRAM_POSITIVE	SignalP-TM	SignalP-TM
9524070	SignalP_GRAM_POSITIVE	SignalP-TM	SignalP-TM
7558622	SignalP_GRAM_POSITIVE	SignalP-TM	SignalP-TM
14669055	SignalP_GRAM_POSITIVE	SignalP-TM	SignalP-TM
11621586	SignalP_GRAM_POSITIVE	SignalP-TM	SignalP-TM
7853246	SignalP_GRAM_POSITIVE	SignalP-TM	SignalP-TM
1561785	SignalP_GRAM_POSITIVE	SignalP-TM	SignalP-TM
12703204	SignalP_GRAM_POSITIVE	SignalP-TM	SignalP-TM
9917637	SignalP_GRAM_POSITIVE	SignalP-TM	SignalP-TM
14177872	SignalP_GRAM_POSITIVE	SignalP-TM	SignalP-TM
447982	SignalP_GRAM_POSITIVE	SignalP-TM	SignalP-TM
349732	SignalP_GRAM_POSITIVE	SignalP-TM	SignalP-TM
2446960	SignalP_GRAM_POSITIVE	SignalP-TM	SignalP-TM
7198177	SignalP_GRAM_POSITIVE	SignalP-TM	SignalP-TM
15160699	SignalP_GRAM_POSITIVE	SignalP-TM	SignalP-TM
8607261	SignalP_GRAM_POSITIVE	SignalP-TM	SignalP-TM
10442126	SignalP_GRAM_POSITIVE	SignalP-TM	SignalP-TM
14374480	SignalP_GRAM_POSITIVE	SignalP-TM	SignalP-TM
7263481	SignalP_GRAM_POSITIVE	SignalP-TM	SignalP-TM
13358301	SignalP_GRAM_POSITIVE	SignalP-TM	SignalP-TM
14964099	SignalP_GRAM_POSITIVE	SignalP-TM	SignalP-TM
1562098	SignalP_GRAM_POSITIVE	SignalP-TM	SignalP-TM
13751980	SignalP_GRAM_POSITIVE	SignalP-TM	SignalP-TM
15685140	SignalP_GRAM_POSITIVE	SignalP-TM	SignalP-TM
7460406	SignalP_GRAM_POSITIVE	SignalP-TM	SignalP-TM
1267277	SignalP_GRAM_POSITIVE	SignalP-TM	SignalP-TM
14210246	SignalP_GRAM_POSITIVE	SignalP-TM	SignalP-TM
709827	SignalP_GRAM_POSITIVE	SignalP-TM	SignalP-TM
12605322	SignalP_GRAM_POSITIVE	SignalP-TM	SignalP-TM
1333212	SignalP_GRAM_POSITIVE	SignalP-TM	SignalP-TM
10016510	SignalP_GRAM_POSITIVE	SignalP-TM	SignalP-TM
15882030	SignalP_GRAM_POSITIVE	SignalP-TM	SignalP-TM
12932944	SignalP_GRAM_POSITIVE	SignalP-TM	SignalP-TM
16864979	SignalP_GRAM_POSITIVE	SignalP-TM	SignalP-TM
7296743	SignalP_GRAM_POSITIVE	SignalP-TM	SignalP-TM
4413215	SignalP_GRAM_POSITIVE	SignalP-TM	SignalP-TM
14178183	SignalP_GRAM_POSITIVE	SignalP-TM	SignalP-TM
6051908	SignalP_GRAM_POSITIVE	SignalP-TM	SignalP-TM
1038469	SignalP_GRAM_POSITIVE	SignalP-TM	SignalP-TM
6117062	SignalP_GRAM_POSITIVE	SignalP-TM	SignalP-TM
15783948	SignalP_GRAM_POSITIVE	SignalP-TM	SignalP-TM
12506893	SignalP_GRAM_POSITIVE	SignalP-TM	SignalP-TM
12015440	SignalP_GRAM_POSITIVE	SignalP-TM	SignalP-TM
6084713	SignalP_GRAM_POSITIVE	SignalP-TM	SignalP-TM
3168124	SignalP_GRAM_POSITIVE	SignalP-TM	SignalP-TM
15390729	SignalP_GRAM_POSITIVE	SignalP-TM	SignalP-TM
6248499	SignalP_GRAM_POSITIVE	SignalP-TM	SignalP-TM
1464056	SignalP_GRAM_POSITIVE	SignalP-TM	SignalP-TM
2349067	SignalP_GRAM_POSITIVE	SignalP-TM	SignalP-TM
15750981	SignalP_GRAM_POSITIVE	SignalP-TM	SignalP-TM
14702974	SignalP_GRAM_POSITIVE	SignalP-TM	SignalP-TM
8935950	SignalP_GRAM_POSITIVE	SignalP-TM	SignalP-TM
10803620	SignalP_GRAM_POSITIVE	SignalP-TM	SignalP-TM
9165427	SignalP_GRAM_POSITIVE	SignalP-TM	SignalP-TM
12147352	SignalP_GRAM_POSITIVE	SignalP-TM	SignalP-TM
13261143	SignalP_GRAM_POSITIVE	SignalP-TM	SignalP-TM
5069223	SignalP_GRAM_POSITIVE	SignalP-TM	SignalP-TM
16439864	SignalP_GRAM_POSITIVE	SignalP-TM	SignalP-TM
14834134	SignalP_GRAM_POSITIVE	SignalP-TM	SignalP-TM
7133855	SignalP_GRAM_POSITIVE	SignalP-TM	SignalP-TM
13228305	SignalP_GRAM_POSITIVE	SignalP-TM	SignalP-TM
16145444	SignalP_GRAM_POSITIVE	SignalP-TM	SignalP-TM
7953378	SignalP_GRAM_POSITIVE	SignalP-TM	SignalP-TM
14605374	SignalP_GRAM_POSITIVE	SignalP-TM	SignalP-TM
3824721	SignalP_GRAM_POSITIVE	SignalP-TM	SignalP-TM
4741939	SignalP_GRAM_POSITIVE	SignalP-TM	SignalP-TM
10017770	SignalP_GRAM_POSITIVE	SignalP-TM	SignalP-TM
3103458	SignalP_GRAM_POSITIVE	SignalP-TM	SignalP-TM
7560090	SignalP_GRAM_POSITIVE	SignalP-TM	SignalP-TM
11459337	SignalP_GRAM_POSITIVE	SignalP-TM	SignalP-TM
2546680	SignalP_GRAM_POSITIVE	SignalP-TM	SignalP-TM
11361400	SignalP_GRAM_POSITIVE	SignalP-TM	SignalP-TM
16046911	SignalP_GRAM_POSITIVE	SignalP-TM	SignalP-TM
10935203	SignalP_GRAM_POSITIVE	SignalP-TM	SignalP-TM
9624371	SignalP_GRAM_POSITIVE	SignalP-TM	SignalP-TM
5167915	SignalP_GRAM_POSITIVE	SignalP-TM	SignalP-TM
4053705	SignalP_GRAM_POSITIVE	SignalP-TM	SignalP-TM
3791738	SignalP_GRAM_POSITIVE	SignalP-TM	SignalP-TM
15763843	SignalP_GRAM_POSITIVE	SignalP-TM	SignalP-TM
3836541	SignalP_GRAM_POSITIVE	SignalP-TM	SignalP-TM
9996721	SignalP_GRAM_POSITIVE	SignalP-TM	SignalP-TM
5671476	SignalP_GRAM_POSITIVE	SignalP-TM	SignalP-TM
5475012	SignalP_GRAM_POSITIVE	SignalP-TM	SignalP-TM
1641187	SignalP_GRAM_POSITIVE	SignalP-TM	SignalP-TM
6162858	SignalP_GRAM_POSITIVE	SignalP-TM	SignalP-TM
16026209	SignalP_GRAM_POSITIVE	SignalP-TM	SignalP-TM
4557376	SignalP_GRAM_POSITIVE	SignalP-TM	SignalP-TM
232090	SignalP_GRAM_POSITIVE	SignalP-TM	SignalP-TM
10193239	SignalP_GRAM_POSITIVE	SignalP-TM	SignalP-TM
15993157	SignalP_GRAM_POSITIVE	SignalP-TM	SignalP-TM
7965190	SignalP_GRAM_POSITIVE	SignalP-TM	SignalP-TM
7047671	SignalP_GRAM_POSITIVE	SignalP-TM	SignalP-TM
35544	SignalP_GRAM_POSITIVE	SignalP-TM	SignalP-TM
4327768	SignalP_GRAM_POSITIVE	SignalP-TM	SignalP-TM
13470203	SignalP_GRAM_POSITIVE	SignalP-TM	SignalP-TM
8685868	SignalP_GRAM_POSITIVE	SignalP-TM	SignalP-TM
13011348	SignalP_GRAM_POSITIVE	SignalP-TM	SignalP-TM
4590193	SignalP_GRAM_POSITIVE	SignalP-TM	SignalP-TM
6523592	SignalP_GRAM_POSITIVE	SignalP-TM	SignalP-TM
4753844	SignalP_GRAM_POSITIVE	SignalP-TM	SignalP-TM
11667811	SignalP_GRAM_POSITIVE	SignalP-TM	SignalP-TM
35385	SignalP_GRAM_POSITIVE	SignalP-TM	SignalP-TM
14125632	SignalP_GRAM_POSITIVE	SignalP-TM	SignalP-TM
14682705	SignalP_GRAM_POSITIVE	SignalP-TM	SignalP-TM
9996743	SignalP_GRAM_POSITIVE	SignalP-TM	SignalP-TM
13568387	SignalP_GRAM_POSITIVE	SignalP-TM	SignalP-TM
12782063	SignalP_GRAM_POSITIVE	SignalP-TM	SignalP-TM
16353570	SignalP_GRAM_POSITIVE	SignalP-TM	SignalP-TM
166613	SignalP_GRAM_POSITIVE	SignalP-TM	SignalP-TM
13961494	SignalP_GRAM_POSITIVE	SignalP-TM	SignalP-TM
7768529	SignalP_GRAM_POSITIVE	SignalP-TM	SignalP-TM
2296256	SignalP_GRAM_POSITIVE	SignalP-TM	SignalP-TM
15916407	SignalP_GRAM_POSITIVE	SignalP-TM	SignalP-TM
10411479	SignalP_GRAM_POSITIVE	SignalP-TM	SignalP-TM
7495217	SignalP_GRAM_POSITIVE	SignalP-TM	SignalP-TM
12705061	SignalP_GRAM_POSITIVE	SignalP-TM	SignalP-TM
4775296	SignalP_GRAM_POSITIVE	SignalP-TM	SignalP-TM
16866800	SignalP_GRAM_POSITIVE	SignalP-TM	SignalP-TM
8313988	SignalP_GRAM_POSITIVE	SignalP-TM	SignalP-TM
13261987	SignalP_GRAM_POSITIVE	SignalP-TM	SignalP-TM
1629526	SignalP_GRAM_POSITIVE	SignalP-TM	SignalP-TM
13622469	SignalP_GRAM_POSITIVE	SignalP-TM	SignalP-TM
9362777	SignalP_GRAM_POSITIVE	SignalP-TM	SignalP-TM
1629687	SignalP_GRAM_POSITIVE	SignalP-TM	SignalP-TM
16702904	SignalP_GRAM_POSITIVE	SignalP-TM	SignalP-TM
9592091	SignalP_GRAM_POSITIVE	SignalP-TM	SignalP-TM
9330163	SignalP_GRAM_POSITIVE	SignalP-TM	SignalP-TM
10411295	SignalP_GRAM_POSITIVE	SignalP-TM	SignalP-TM
10935515	SignalP_GRAM_POSITIVE	SignalP-TM	SignalP-TM
3202501	SignalP_GRAM_POSITIVE	SignalP-TM	SignalP-TM
13262058	SignalP_GRAM_POSITIVE	SignalP-TM	SignalP-TM
12705236	SignalP_GRAM_POSITIVE	SignalP-TM	SignalP-TM
3267859	SignalP_GRAM_POSITIVE	SignalP-TM	SignalP-TM
14966075	SignalP_GRAM_POSITIVE	SignalP-TM	SignalP-TM
13753686	SignalP_GRAM_POSITIVE	SignalP-TM	SignalP-TM
3956067	SignalP_GRAM_POSITIVE	SignalP-TM	SignalP-TM
8543711	SignalP_GRAM_POSITIVE	SignalP-TM	SignalP-TM
10149294	SignalP_GRAM_POSITIVE	SignalP-TM	SignalP-TM
8674609	SignalP_GRAM_POSITIVE	SignalP-TM	SignalP-TM
12770489	SignalP_GRAM_POSITIVE	SignalP-TM	SignalP-TM
12804032	SignalP_GRAM_POSITIVE	SignalP-TM	SignalP-TM
2580263	SignalP_GRAM_POSITIVE	SignalP-TM	SignalP-TM
4480568	SignalP_GRAM_POSITIVE	SignalP-TM	SignalP-TM
3104673	SignalP_GRAM_POSITIVE	SignalP-TM	SignalP-TM
4612089	SignalP_GRAM_POSITIVE	SignalP-TM	SignalP-TM
9985810	SignalP_GRAM_POSITIVE	SignalP-TM	SignalP-TM
4939698	SignalP_GRAM_POSITIVE	SignalP-TM	SignalP-TM
942026	SignalP_GRAM_POSITIVE	SignalP-TM	SignalP-TM
12148315	SignalP_GRAM_POSITIVE	SignalP-TM	SignalP-TM
7069271	SignalP_GRAM_POSITIVE	SignalP-TM	SignalP-TM
417745	SignalP_GRAM_POSITIVE	SignalP-TM	SignalP-TM
16113341	SignalP_GRAM_POSITIVE	SignalP-TM	SignalP-TM
5693411	SignalP_GRAM_POSITIVE	SignalP-TM	SignalP-TM
11296518	SignalP_GRAM_POSITIVE	SignalP-TM	SignalP-TM
6413965	SignalP_GRAM_POSITIVE	SignalP-TM	SignalP-TM
15654944	SignalP_GRAM_POSITIVE	SignalP-TM	SignalP-TM
10968731	SignalP_GRAM_POSITIVE	SignalP-TM	SignalP-TM
2612943	SignalP_GRAM_POSITIVE	SignalP-TM	SignalP-TM
9232259	SignalP_GRAM_POSITIVE	SignalP-TM	SignalP-TM
5726022	SignalP_GRAM_POSITIVE	SignalP-TM	SignalP-TM
13426409	SignalP_GRAM_POSITIVE	SignalP-TM	SignalP-TM
12935002	SignalP_GRAM_POSITIVE	SignalP-TM	SignalP-TM
122536	SignalP_GRAM_POSITIVE	SignalP-TM	SignalP-TM
9232260	SignalP_GRAM_POSITIVE	SignalP-TM	SignalP-TM
319571	SignalP_GRAM_POSITIVE	SignalP-TM	SignalP-TM
516166	SignalP_GRAM_POSITIVE	SignalP-TM	SignalP-TM
14115163	SignalP_GRAM_POSITIVE	SignalP-TM	SignalP-TM
5497048	SignalP_GRAM_POSITIVE	SignalP-TM	SignalP-TM
5693879	SignalP_GRAM_POSITIVE	SignalP-TM	SignalP-TM
2974186	SignalP_GRAM_POSITIVE	SignalP-TM	SignalP-TM
15655216	SignalP_GRAM_POSITIVE	SignalP-TM	SignalP-TM
4939881	SignalP_GRAM_POSITIVE	SignalP-TM	SignalP-TM
15032777	SignalP_GRAM_POSITIVE	SignalP-TM	SignalP-TM
7004509	SignalP_GRAM_POSITIVE	SignalP-TM	SignalP-TM
15884671	SignalP_GRAM_POSITIVE	SignalP-TM	SignalP-TM
14246093	SignalP_GRAM_POSITIVE	SignalP-TM	SignalP-TM
8872201	SignalP_GRAM_POSITIVE	SignalP-TM	SignalP-TM
2875628	SignalP_GRAM_POSITIVE	SignalP-TM	SignalP-TM
9101592	SignalP_GRAM_POSITIVE	SignalP-TM	SignalP-TM
14770318	SignalP_GRAM_POSITIVE	SignalP-TM	SignalP-TM
6217807	SignalP_GRAM_POSITIVE	SignalP-TM	SignalP-TM
14213453	SignalP_GRAM_POSITIVE	SignalP-TM	SignalP-TM
9167287	SignalP_GRAM_POSITIVE	SignalP-TM	SignalP-TM
13328707	SignalP_GRAM_POSITIVE	SignalP-TM	SignalP-TM
11297163	SignalP_GRAM_POSITIVE	SignalP-TM	SignalP-TM
942224	SignalP_GRAM_POSITIVE	SignalP-TM	SignalP-TM
3137635	SignalP_GRAM_POSITIVE	SignalP-TM	SignalP-TM
1958223	SignalP_GRAM_POSITIVE	SignalP-TM	SignalP-TM
4317448	SignalP_GRAM_POSITIVE	SignalP-TM	SignalP-TM
8872092	SignalP_GRAM_POSITIVE	SignalP-TM	SignalP-TM
14180903	SignalP_GRAM_POSITIVE	SignalP-TM	SignalP-TM
13722464	SignalP_GRAM_POSITIVE	SignalP-TM	SignalP-TM
1008386	SignalP_GRAM_POSITIVE	SignalP-TM	SignalP-TM
2122642	SignalP_GRAM_POSITIVE	SignalP-TM	SignalP-TM
13231008	SignalP_GRAM_POSITIVE	SignalP-TM	SignalP-TM
6152766	SignalP_GRAM_POSITIVE	SignalP-TM	SignalP-TM
8282716	SignalP_GRAM_POSITIVE	SignalP-TM	SignalP-TM
12182067	SignalP_GRAM_POSITIVE	SignalP-TM	SignalP-TM
7430891	SignalP_GRAM_POSITIVE	SignalP-TM	SignalP-TM
6022049	SignalP_GRAM_POSITIVE	SignalP-TM	SignalP-TM
11166412	SignalP_GRAM_POSITIVE	SignalP-TM	SignalP-TM
4186946	SignalP_GRAM_POSITIVE	SignalP-TM	SignalP-TM
5726741	SignalP_GRAM_POSITIVE	SignalP-TM	SignalP-TM
6710185	SignalP_GRAM_POSITIVE	SignalP-TM	SignalP-TM
13787733	SignalP_GRAM_POSITIVE	SignalP-TM	SignalP-TM
2745268	SignalP_GRAM_POSITIVE	SignalP-TM	SignalP-TM
13624275	SignalP_GRAM_POSITIVE	SignalP-TM	SignalP-TM
16442210	SignalP_GRAM_POSITIVE	SignalP-TM	SignalP-TM
4645573	SignalP_GRAM_POSITIVE	SignalP-TM	SignalP-TM
9364118	SignalP_GRAM_POSITIVE	SignalP-TM	SignalP-TM
11428652	SignalP_GRAM_POSITIVE	SignalP-TM	SignalP-TM
320420	SignalP_GRAM_POSITIVE	SignalP-TM	SignalP-TM
12280448	SignalP_GRAM_POSITIVE	SignalP-TM	SignalP-TM
15524673	SignalP_GRAM_POSITIVE	SignalP-TM	SignalP-TM
11952824	SignalP_GRAM_POSITIVE	SignalP-TM	SignalP-TM
516780	SignalP_GRAM_POSITIVE	SignalP-TM	SignalP-TM
6808397	SignalP_GRAM_POSITIVE	SignalP-TM	SignalP-TM
12051356	SignalP_GRAM_POSITIVE	SignalP-TM	SignalP-TM
11068241	SignalP_GRAM_POSITIVE	SignalP-TM	SignalP-TM
2450256	SignalP_GRAM_POSITIVE	SignalP-TM	SignalP-TM
4186697	SignalP_GRAM_POSITIVE	SignalP-TM	SignalP-TM
12968765	SignalP_GRAM_POSITIVE	SignalP-TM	SignalP-TM
5858631	SignalP_GRAM_POSITIVE	SignalP-TM	SignalP-TM
11396368	SignalP_GRAM_POSITIVE	SignalP-TM	SignalP-TM
9954364	SignalP_GRAM_POSITIVE	SignalP-TM	SignalP-TM
9168115	SignalP_GRAM_POSITIVE	SignalP-TM	SignalP-TM
1795420	SignalP_GRAM_POSITIVE	SignalP-TM	SignalP-TM
12281200	SignalP_GRAM_POSITIVE	SignalP-TM	SignalP-TM
7398394	SignalP_GRAM_POSITIVE	SignalP-TM	SignalP-TM
5137562	SignalP_GRAM_POSITIVE	SignalP-TM	SignalP-TM
16278857	SignalP_GRAM_POSITIVE	SignalP-TM	SignalP-TM
255039	SignalP_GRAM_POSITIVE	SignalP-TM	SignalP-TM
13198496	SignalP_GRAM_POSITIVE	SignalP-TM	SignalP-TM
4089042	SignalP_GRAM_POSITIVE	SignalP-TM	SignalP-TM
14935288	SignalP_GRAM_POSITIVE	SignalP-TM	SignalP-TM
91356	SignalP_GRAM_POSITIVE	SignalP-TM	SignalP-TM
9102526	SignalP_GRAM_POSITIVE	SignalP-TM	SignalP-TM
8381634	SignalP_GRAM_POSITIVE	SignalP-TM	SignalP-TM
2581776	SignalP_GRAM_POSITIVE	SignalP-TM	SignalP-TM
2712648	SignalP_GRAM_POSITIVE	SignalP-TM	SignalP-TM
13690032	SignalP_GRAM_POSITIVE	SignalP-TM	SignalP-TM
13165580	SignalP_GRAM_POSITIVE	SignalP-TM	SignalP-TM
7169001	SignalP_GRAM_POSITIVE	SignalP-TM	SignalP-TM
12772725	SignalP_GRAM_POSITIVE	SignalP-TM	SignalP-TM
550023	SignalP_GRAM_POSITIVE	SignalP-TM	SignalP-TM
2122781	SignalP_GRAM_POSITIVE	SignalP-TM	SignalP-TM
15394221	SignalP_GRAM_POSITIVE	SignalP-TM	SignalP-TM
5596363	SignalP_GRAM_POSITIVE	SignalP-TM	SignalP-TM
10380427	SignalP_GRAM_POSITIVE	SignalP-TM	SignalP-TM
4285408	SignalP_GRAM_POSITIVE	SignalP-TM	SignalP-TM
2975153	SignalP_GRAM_POSITIVE	SignalP-TM	SignalP-TM
6285183	SignalP_GRAM_POSITIVE	SignalP-TM	SignalP-TM
12183366	SignalP_GRAM_POSITIVE	SignalP-TM	SignalP-TM
10118685	SignalP_GRAM_POSITIVE	SignalP-TM	SignalP-TM
3893133	SignalP_GRAM_POSITIVE	SignalP-TM	SignalP-TM
58826	SignalP_GRAM_POSITIVE	SignalP-TM	SignalP-TM
8578697	SignalP_GRAM_POSITIVE	SignalP-TM	SignalP-TM
9463403	SignalP_GRAM_POSITIVE	SignalP-TM	SignalP-TM
12510689	SignalP_GRAM_POSITIVE	SignalP-TM	SignalP-TM
11495115	SignalP_GRAM_POSITIVE	SignalP-TM	SignalP-TM
419320	SignalP_GRAM_POSITIVE	SignalP-TM	SignalP-TM
5367504	SignalP_GRAM_POSITIVE	SignalP-TM	SignalP-TM
11396969	SignalP_GRAM_POSITIVE	SignalP-TM	SignalP-TM
8414761	SignalP_GRAM_POSITIVE	SignalP-TM	SignalP-TM
12215985	SignalP_GRAM_POSITIVE	SignalP-TM	SignalP-TM
779855	SignalP_GRAM_POSITIVE	SignalP-TM	SignalP-TM
2024985	SignalP_GRAM_POSITIVE	SignalP-TM	SignalP-TM
14444093	SignalP_GRAM_POSITIVE	SignalP-TM	SignalP-TM
2844264	SignalP_GRAM_POSITIVE	SignalP-TM	SignalP-TM
1369716	SignalP_GRAM_POSITIVE	SignalP-TM	SignalP-TM
6678325	SignalP_GRAM_POSITIVE	SignalP-TM	SignalP-TM
8840711	SignalP_GRAM_POSITIVE	SignalP-TM	SignalP-TM
5137852	SignalP_GRAM_POSITIVE	SignalP-TM	SignalP-TM
16181042	SignalP_GRAM_POSITIVE	SignalP-TM	SignalP-TM
157157	SignalP_GRAM_POSITIVE	SignalP-TM	SignalP-TM
452494	SignalP_GRAM_POSITIVE	SignalP-TM	SignalP-TM
14542631	SignalP_GRAM_POSITIVE	SignalP-TM	SignalP-TM
10151616	SignalP_GRAM_POSITIVE	SignalP-TM	SignalP-TM
12740019	SignalP_GRAM_POSITIVE	SignalP-TM	SignalP-TM
3139014	SignalP_GRAM_POSITIVE	SignalP-TM	SignalP-TM
13133722	SignalP_GRAM_POSITIVE	SignalP-TM	SignalP-TM
15100000	SignalP_GRAM_POSITIVE	SignalP-TM	SignalP-TM
16738598	SignalP_GRAM_POSITIVE	SignalP-TM	SignalP-TM
12970272	SignalP_GRAM_POSITIVE	SignalP-TM	SignalP-TM
13101164	SignalP_GRAM_POSITIVE	SignalP-TM	SignalP-TM
12970274	SignalP_GRAM_POSITIVE	SignalP-TM	SignalP-TM
3303343	SignalP_GRAM_POSITIVE	SignalP-TM	SignalP-TM
9070834	SignalP_GRAM_POSITIVE	SignalP-TM	SignalP-TM
12904587	SignalP_GRAM_POSITIVE	SignalP-TM	SignalP-TM
2058368	SignalP_GRAM_POSITIVE	SignalP-TM	SignalP-TM
12838869	SignalP_GRAM_POSITIVE	SignalP-TM	SignalP-TM
7366648	SignalP_GRAM_POSITIVE	SignalP-TM	SignalP-TM
6809750	SignalP_GRAM_POSITIVE	SignalP-TM	SignalP-TM
12413139	SignalP_GRAM_POSITIVE	SignalP-TM	SignalP-TM
13265087	SignalP_GRAM_POSITIVE	SignalP-TM	SignalP-TM
4941998	SignalP_GRAM_POSITIVE	SignalP-TM	SignalP-TM
7924017	SignalP_GRAM_POSITIVE	SignalP-TM	SignalP-TM
9463862	SignalP_GRAM_POSITIVE	SignalP-TM	SignalP-TM
14313775	SignalP_GRAM_POSITIVE	SignalP-TM	SignalP-TM
2582756	SignalP_GRAM_POSITIVE	SignalP-TM	SignalP-TM
11462665	SignalP_GRAM_POSITIVE	SignalP-TM	SignalP-TM
3926168	SignalP_GRAM_POSITIVE	SignalP-TM	SignalP-TM
4745378	SignalP_GRAM_POSITIVE	SignalP-TM	SignalP-TM
8939611	SignalP_GRAM_POSITIVE	SignalP-TM	SignalP-TM
11626796	SignalP_GRAM_POSITIVE	SignalP-TM	SignalP-TM
1763637	SignalP_GRAM_POSITIVE	SignalP-TM	SignalP-TM
5302199	SignalP_GRAM_POSITIVE	SignalP-TM	SignalP-TM
4942012	SignalP_GRAM_POSITIVE	SignalP-TM	SignalP-TM
1665036	SignalP_GRAM_POSITIVE	SignalP-TM	SignalP-TM
11856001	SignalP_GRAM_POSITIVE	SignalP-TM	SignalP-TM
4942005	SignalP_GRAM_POSITIVE	SignalP-TM	SignalP-TM
13625540	SignalP_GRAM_POSITIVE	SignalP-TM	SignalP-TM
16083397	SignalP_GRAM_POSITIVE	SignalP-TM	SignalP-TM
14674262	SignalP_GRAM_POSITIVE	SignalP-TM	SignalP-TM
5303012	SignalP_GRAM_POSITIVE	SignalP-TM	SignalP-TM
13953463	SignalP_GRAM_POSITIVE	SignalP-TM	SignalP-TM
15755848	SignalP_GRAM_POSITIVE	SignalP-TM	SignalP-TM
3533134	SignalP_GRAM_POSITIVE	SignalP-TM	SignalP-TM
4418225	SignalP_GRAM_POSITIVE	SignalP-TM	SignalP-TM
8940173	SignalP_GRAM_POSITIVE	SignalP-TM	SignalP-TM
13232602	SignalP_GRAM_POSITIVE	SignalP-TM	SignalP-TM
1108493	SignalP_GRAM_POSITIVE	SignalP-TM	SignalP-TM
1665501	SignalP_GRAM_POSITIVE	SignalP-TM	SignalP-TM
11528739	SignalP_GRAM_POSITIVE	SignalP-TM	SignalP-TM
13593313	SignalP_GRAM_POSITIVE	SignalP-TM	SignalP-TM
14084452	SignalP_GRAM_POSITIVE	SignalP-TM	SignalP-TM
9071178	SignalP_GRAM_POSITIVE	SignalP-TM	SignalP-TM
15690222	SignalP_GRAM_POSITIVE	SignalP-TM	SignalP-TM
16083286	SignalP_GRAM_POSITIVE	SignalP-TM	SignalP-TM
26989	SignalP_GRAM_POSITIVE	SignalP-TM	SignalP-TM
3991945	SignalP_GRAM_POSITIVE	SignalP-TM	SignalP-TM
4713044	SignalP_GRAM_POSITIVE	SignalP-TM	SignalP-TM
13593314	SignalP_GRAM_POSITIVE	SignalP-TM	SignalP-TM
3008911	SignalP_GRAM_POSITIVE	SignalP-TM	SignalP-TM
14346674	SignalP_GRAM_POSITIVE	SignalP-TM	SignalP-TM
8187021	SignalP_GRAM_POSITIVE	SignalP-TM	SignalP-TM
4942973	SignalP_GRAM_POSITIVE	SignalP-TM	SignalP-TM
14445748	SignalP_GRAM_POSITIVE	SignalP-TM	SignalP-TM
1797135	SignalP_GRAM_POSITIVE	SignalP-TM	SignalP-TM
14347293	SignalP_GRAM_POSITIVE	SignalP-TM	SignalP-TM
14904104	SignalP_GRAM_POSITIVE	SignalP-TM	SignalP-TM
978048	SignalP_GRAM_POSITIVE	SignalP-TM	SignalP-TM
14707781	SignalP_GRAM_POSITIVE	SignalP-TM	SignalP-TM
1928235	SignalP_GRAM_POSITIVE	SignalP-TM	SignalP-TM
2321409	SignalP_GRAM_POSITIVE	SignalP-TM	SignalP-TM
7269563	SignalP_GRAM_POSITIVE	SignalP-TM	SignalP-TM
12380942	SignalP_GRAM_POSITIVE	SignalP-TM	SignalP-TM
12152004	SignalP_GRAM_POSITIVE	SignalP-TM	SignalP-TM
16018312	SignalP_GRAM_POSITIVE	SignalP-TM	SignalP-TM
8121496	SignalP_GRAM_POSITIVE	SignalP-TM	SignalP-TM
8743734	SignalP_GRAM_POSITIVE	SignalP-TM	SignalP-TM
16149473	SignalP_GRAM_POSITIVE	SignalP-TM	SignalP-TM
12381260	SignalP_GRAM_POSITIVE	SignalP-TM	SignalP-TM
14445464	SignalP_GRAM_POSITIVE	SignalP-TM	SignalP-TM
3435518	SignalP_GRAM_POSITIVE	SignalP-TM	SignalP-TM
8645702	SignalP_GRAM_POSITIVE	SignalP-TM	SignalP-TM
1141727	SignalP_GRAM_POSITIVE	SignalP-TM	SignalP-TM
14838754	SignalP_GRAM_POSITIVE	SignalP-TM	SignalP-TM
13167380	SignalP_GRAM_POSITIVE	SignalP-TM	SignalP-TM
1436859	SignalP_GRAM_POSITIVE	SignalP-TM	SignalP-TM
16083778	SignalP_GRAM_POSITIVE	SignalP-TM	SignalP-TM
15625284	SignalP_GRAM_POSITIVE	SignalP-TM	SignalP-TM
11529307	SignalP_GRAM_POSITIVE	SignalP-TM	SignalP-TM
1568139	SignalP_GRAM_POSITIVE	SignalP-TM	SignalP-TM
14216710	SignalP_GRAM_POSITIVE	SignalP-TM	SignalP-TM
3861973	SignalP_GRAM_POSITIVE	SignalP-TM	SignalP-TM
355963	SignalP_GRAM_POSITIVE	SignalP-TM	SignalP-TM
3108164	SignalP_GRAM_POSITIVE	SignalP-TM	SignalP-TM
6319626	SignalP_GRAM_POSITIVE	SignalP-TM	SignalP-TM
1895717	SignalP_GRAM_POSITIVE	SignalP-TM	SignalP-TM
15232257	SignalP_GRAM_POSITIVE	SignalP-TM	SignalP-TM
7630354	SignalP_GRAM_POSITIVE	SignalP-TM	SignalP-TM
15691304	SignalP_GRAM_POSITIVE	SignalP-TM	SignalP-TM
14806609	SignalP_GRAM_POSITIVE	SignalP-TM	SignalP-TM
11562479	SignalP_GRAM_POSITIVE	SignalP-TM	SignalP-TM
14249568	SignalP_GRAM_POSITIVE	SignalP-TM	SignalP-TM
12709210	SignalP_GRAM_POSITIVE	SignalP-TM	SignalP-TM
9760348	SignalP_GRAM_POSITIVE	SignalP-TM	SignalP-TM
14150890	SignalP_GRAM_POSITIVE	SignalP-TM	SignalP-TM
486807	SignalP_GRAM_POSITIVE	SignalP-TM	SignalP-TM
1174928	SignalP_GRAM_POSITIVE	SignalP-TM	SignalP-TM
16444890	SignalP_GRAM_POSITIVE	SignalP-TM	SignalP-TM
15592699	SignalP_GRAM_POSITIVE	SignalP-TM	SignalP-TM
8220011	SignalP_GRAM_POSITIVE	SignalP-TM	SignalP-TM
60928	SignalP_GRAM_POSITIVE	SignalP-TM	SignalP-TM
8154539	SignalP_GRAM_POSITIVE	SignalP-TM	SignalP-TM
14544275	SignalP_GRAM_POSITIVE	SignalP-TM	SignalP-TM
27887	SignalP_GRAM_POSITIVE	SignalP-TM	SignalP-TM
12512756	SignalP_GRAM_POSITIVE	SignalP-TM	SignalP-TM
10382921	SignalP_GRAM_POSITIVE	SignalP-TM	SignalP-TM
3042551	SignalP_GRAM_POSITIVE	SignalP-TM	SignalP-TM
14544274	SignalP_GRAM_POSITIVE	SignalP-TM	SignalP-TM
6516260	SignalP_GRAM_POSITIVE	SignalP-TM	SignalP-TM
10186423	SignalP_GRAM_POSITIVE	SignalP-TM	SignalP-TM
3239150	SignalP_GRAM_POSITIVE	SignalP-TM	SignalP-TM
355871	SignalP_GRAM_POSITIVE	SignalP-TM	SignalP-TM
625430	SignalP_GRAM_POSITIVE	SignalP-TM	SignalP-TM
10423435	SignalP_GRAM_POSITIVE	SignalP-TM	SignalP-TM
15699029	SignalP_GRAM_POSITIVE	SignalP-TM	SignalP-TM
7605371	SignalP_GRAM_POSITIVE	SignalP-TM	SignalP-TM
11504557	SignalP_GRAM_POSITIVE	SignalP-TM	SignalP-TM
8359023	SignalP_GRAM_POSITIVE	SignalP-TM	SignalP-TM
10750904	SignalP_GRAM_POSITIVE	SignalP-TM	SignalP-TM
4918239	SignalP_GRAM_POSITIVE	SignalP-TM	SignalP-TM
5049218	SignalP_GRAM_POSITIVE	SignalP-TM	SignalP-TM
12881096	SignalP_GRAM_POSITIVE	SignalP-TM	SignalP-TM
11832351	SignalP_GRAM_POSITIVE	SignalP-TM	SignalP-TM
9046936	SignalP_GRAM_POSITIVE	SignalP-TM	SignalP-TM
14191705	SignalP_GRAM_POSITIVE	SignalP-TM	SignalP-TM
13110451	SignalP_GRAM_POSITIVE	SignalP-TM	SignalP-TM
5704562	SignalP_GRAM_POSITIVE	SignalP-TM	SignalP-TM
15338306	SignalP_GRAM_POSITIVE	SignalP-TM	SignalP-TM
4689005	SignalP_GRAM_POSITIVE	SignalP-TM	SignalP-TM
4786952	SignalP_GRAM_POSITIVE	SignalP-TM	SignalP-TM
15535072	SignalP_GRAM_POSITIVE	SignalP-TM	SignalP-TM
13627090	SignalP_GRAM_POSITIVE	SignalP-TM	SignalP-TM
12414958	SignalP_GRAM_POSITIVE	SignalP-TM	SignalP-TM
13594349	SignalP_GRAM_POSITIVE	SignalP-TM	SignalP-TM
6516605	SignalP_GRAM_POSITIVE	SignalP-TM	SignalP-TM
11169559	SignalP_GRAM_POSITIVE	SignalP-TM	SignalP-TM
8318845	SignalP_GRAM_POSITIVE	SignalP-TM	SignalP-TM
11432026	SignalP_GRAM_POSITIVE	SignalP-TM	SignalP-TM
13922100	SignalP_GRAM_POSITIVE	SignalP-TM	SignalP-TM
552943	SignalP_GRAM_POSITIVE	SignalP-TM	SignalP-TM
14118732	SignalP_GRAM_POSITIVE	SignalP-TM	SignalP-TM
10907607	SignalP_GRAM_POSITIVE	SignalP-TM	SignalP-TM
159808	SignalP_GRAM_POSITIVE	SignalP-TM	SignalP-TM
10743914	SignalP_GRAM_POSITIVE	SignalP-TM	SignalP-TM
15986422	SignalP_GRAM_POSITIVE	SignalP-TM	SignalP-TM
14446518	SignalP_GRAM_POSITIVE	SignalP-TM	SignalP-TM
487229	SignalP_GRAM_POSITIVE	SignalP-TM	SignalP-TM
16248687	SignalP_GRAM_POSITIVE	SignalP-TM	SignalP-TM
14675922	SignalP_GRAM_POSITIVE	SignalP-TM	SignalP-TM
4943584	SignalP_GRAM_POSITIVE	SignalP-TM	SignalP-TM
15167297	SignalP_GRAM_POSITIVE	SignalP-TM	SignalP-TM
12382213	SignalP_GRAM_POSITIVE	SignalP-TM	SignalP-TM
3698637	SignalP_GRAM_POSITIVE	SignalP-TM	SignalP-TM
7565104	SignalP_GRAM_POSITIVE	SignalP-TM	SignalP-TM
618538	SignalP_GRAM_POSITIVE	SignalP-TM	SignalP-TM
7892817	SignalP_GRAM_POSITIVE	SignalP-TM	SignalP-TM
11661231	SignalP_GRAM_POSITIVE	SignalP-TM	SignalP-TM
6352614	SignalP_GRAM_POSITIVE	SignalP-TM	SignalP-TM
7303068	SignalP_GRAM_POSITIVE	SignalP-TM	SignalP-TM
13299802	SignalP_GRAM_POSITIVE	SignalP-TM	SignalP-TM
7762483	SignalP_GRAM_POSITIVE	SignalP-TM	SignalP-TM
11399402	SignalP_GRAM_POSITIVE	SignalP-TM	SignalP-TM
1405146	SignalP_GRAM_POSITIVE	SignalP-TM	SignalP-TM
13431290	SignalP_GRAM_POSITIVE	SignalP-TM	SignalP-TM
3600929	SignalP_GRAM_POSITIVE	SignalP-TM	SignalP-TM
3076471	SignalP_GRAM_POSITIVE	SignalP-TM	SignalP-TM
5861553	SignalP_GRAM_POSITIVE	SignalP-TM	SignalP-TM
5960145	SignalP_GRAM_POSITIVE	SignalP-TM	SignalP-TM
11399667	SignalP_GRAM_POSITIVE	SignalP-TM	SignalP-TM
5304512	SignalP_GRAM_POSITIVE	SignalP-TM	SignalP-TM
1503676	SignalP_GRAM_POSITIVE	SignalP-TM	SignalP-TM
94678	SignalP_GRAM_POSITIVE	SignalP-TM	SignalP-TM
14151863	SignalP_GRAM_POSITIVE	SignalP-TM	SignalP-TM
16019803	SignalP_GRAM_POSITIVE	SignalP-TM	SignalP-TM
6484461	SignalP_GRAM_POSITIVE	SignalP-TM	SignalP-TM
14938462	SignalP_GRAM_POSITIVE	SignalP-TM	SignalP-TM
7172221	SignalP_GRAM_POSITIVE	SignalP-TM	SignalP-TM
1667226	SignalP_GRAM_POSITIVE	SignalP-TM	SignalP-TM
2945549	SignalP_GRAM_POSITIVE	SignalP-TM	SignalP-TM
14446726	SignalP_GRAM_POSITIVE	SignalP-TM	SignalP-TM
16281783	SignalP_GRAM_POSITIVE	SignalP-TM	SignalP-TM
7401794	SignalP_GRAM_POSITIVE	SignalP-TM	SignalP-TM
7041363	SignalP_GRAM_POSITIVE	SignalP-TM	SignalP-TM
6615225	SignalP_GRAM_POSITIVE	SignalP-TM	SignalP-TM
14840055	SignalP_GRAM_POSITIVE	SignalP-TM	SignalP-TM
1143638	SignalP_GRAM_POSITIVE	SignalP-TM	SignalP-TM
2716394	SignalP_GRAM_POSITIVE	SignalP-TM	SignalP-TM
11465429	SignalP_GRAM_POSITIVE	SignalP-TM	SignalP-TM
13103990	SignalP_GRAM_POSITIVE	SignalP-TM	SignalP-TM
15201003	SignalP_GRAM_POSITIVE	SignalP-TM	SignalP-TM
12055508	SignalP_GRAM_POSITIVE	SignalP-TM	SignalP-TM
15594493	SignalP_GRAM_POSITIVE	SignalP-TM	SignalP-TM
12874692	SignalP_GRAM_POSITIVE	SignalP-TM	SignalP-TM
7140163	SignalP_GRAM_POSITIVE	SignalP-TM	SignalP-TM
389773	SignalP_GRAM_POSITIVE	SignalP-TM	SignalP-TM
7762484	SignalP_GRAM_POSITIVE	SignalP-TM	SignalP-TM
15659988	SignalP_GRAM_POSITIVE	SignalP-TM	SignalP-TM
5993115	SignalP_GRAM_POSITIVE	SignalP-TM	SignalP-TM
11858948	SignalP_GRAM_POSITIVE	SignalP-TM	SignalP-TM
14251005	SignalP_GRAM_POSITIVE	SignalP-TM	SignalP-TM
6616000	SignalP_GRAM_POSITIVE	SignalP-TM	SignalP-TM
2913222	SignalP_GRAM_POSITIVE	SignalP-TM	SignalP-TM
4944502	SignalP_GRAM_POSITIVE	SignalP-TM	SignalP-TM
7762485	SignalP_GRAM_POSITIVE	SignalP-TM	SignalP-TM
3142273	SignalP_GRAM_POSITIVE	SignalP-TM	SignalP-TM
16675490	SignalP_GRAM_POSITIVE	SignalP-TM	SignalP-TM
3535827	SignalP_GRAM_POSITIVE	SignalP-TM	SignalP-TM
1929858	SignalP_GRAM_POSITIVE	SignalP-TM	SignalP-TM
9302745	SignalP_GRAM_POSITIVE	SignalP-TM	SignalP-TM
259015	SignalP_GRAM_POSITIVE	SignalP-TM	SignalP-TM
3470075	SignalP_GRAM_POSITIVE	SignalP-TM	SignalP-TM
9335410	SignalP_GRAM_POSITIVE	SignalP-TM	SignalP-TM
7762489	SignalP_GRAM_POSITIVE	SignalP-TM	SignalP-TM
14742096	SignalP_GRAM_POSITIVE	SignalP-TM	SignalP-TM
4911846	SignalP_GRAM_POSITIVE	SignalP-TM	SignalP-TM
4551541	SignalP_GRAM_POSITIVE	SignalP-TM	SignalP-TM
2061456	SignalP_GRAM_POSITIVE	SignalP-TM	SignalP-TM
718214	SignalP_GRAM_POSITIVE	SignalP-TM	SignalP-TM
10253722	SignalP_GRAM_POSITIVE	SignalP-TM	SignalP-TM
15037690	SignalP_GRAM_POSITIVE	SignalP-TM	SignalP-TM
15365268	SignalP_GRAM_POSITIVE	SignalP-TM	SignalP-TM
7631984	SignalP_GRAM_POSITIVE	SignalP-TM	SignalP-TM
10384695	SignalP_GRAM_POSITIVE	SignalP-TM	SignalP-TM
226572	SignalP_GRAM_POSITIVE	SignalP-TM	SignalP-TM
3634479	SignalP_GRAM_POSITIVE	SignalP-TM	SignalP-TM
14480806	SignalP_GRAM_POSITIVE	SignalP-TM	SignalP-TM
2225504	SignalP_GRAM_POSITIVE	SignalP-TM	SignalP-TM
14316696	SignalP_GRAM_POSITIVE	SignalP-TM	SignalP-TM
3208307	SignalP_GRAM_POSITIVE	SignalP-TM	SignalP-TM
3470652	SignalP_GRAM_POSITIVE	SignalP-TM	SignalP-TM
6386761	SignalP_GRAM_POSITIVE	SignalP-TM	SignalP-TM
10482723	SignalP_GRAM_POSITIVE	SignalP-TM	SignalP-TM
11007373	SignalP_GRAM_POSITIVE	SignalP-TM	SignalP-TM
3830925	SignalP_GRAM_POSITIVE	SignalP-TM	SignalP-TM
11498604	SignalP_GRAM_POSITIVE	SignalP-TM	SignalP-TM
2192433	SignalP_GRAM_POSITIVE	SignalP-TM	SignalP-TM
1995948	SignalP_GRAM_POSITIVE	SignalP-TM	SignalP-TM
16086078	SignalP_GRAM_POSITIVE	SignalP-TM	SignalP-TM
2847837	SignalP_GRAM_POSITIVE	SignalP-TM	SignalP-TM
10286152	SignalP_GRAM_POSITIVE	SignalP-TM	SignalP-TM
7631956	SignalP_GRAM_POSITIVE	SignalP-TM	SignalP-TM
3143456	SignalP_GRAM_POSITIVE	SignalP-TM	SignalP-TM
5535635	SignalP_GRAM_POSITIVE	SignalP-TM	SignalP-TM
10024852	SignalP_GRAM_POSITIVE	SignalP-TM	SignalP-TM
12285429	SignalP_GRAM_POSITIVE	SignalP-TM	SignalP-TM
13530792	SignalP_GRAM_POSITIVE	SignalP-TM	SignalP-TM
7730877	SignalP_GRAM_POSITIVE	SignalP-TM	SignalP-TM
2422627	SignalP_GRAM_POSITIVE	SignalP-TM	SignalP-TM
488953	SignalP_GRAM_POSITIVE	SignalP-TM	SignalP-TM
5764639	SignalP_GRAM_POSITIVE	SignalP-TM	SignalP-TM
4519596	SignalP_GRAM_POSITIVE	SignalP-TM	SignalP-TM
10188590	SignalP_GRAM_POSITIVE	SignalP-TM	SignalP-TM
2356889	SignalP_GRAM_POSITIVE	SignalP-TM	SignalP-TM
10843947	SignalP_GRAM_POSITIVE	SignalP-TM	SignalP-TM
15922897	SignalP_GRAM_POSITIVE	SignalP-TM	SignalP-TM
194051	SignalP_GRAM_POSITIVE	SignalP-TM	SignalP-TM
7337823	SignalP_GRAM_POSITIVE	SignalP-TM	SignalP-TM
4158968	SignalP_GRAM_POSITIVE	SignalP-TM	SignalP-TM
12711429	SignalP_GRAM_POSITIVE	SignalP-TM	SignalP-TM
6256335	SignalP_GRAM_POSITIVE	SignalP-TM	SignalP-TM
10352236	SignalP_GRAM_POSITIVE	SignalP-TM	SignalP-TM
2946604	SignalP_GRAM_POSITIVE	SignalP-TM	SignalP-TM
14317392	SignalP_GRAM_POSITIVE	SignalP-TM	SignalP-TM
14153862	SignalP_GRAM_POSITIVE	SignalP-TM	SignalP-TM
14120958	SignalP_GRAM_POSITIVE	SignalP-TM	SignalP-TM
1013774	SignalP_GRAM_POSITIVE	SignalP-TM	SignalP-TM
4913315	SignalP_GRAM_POSITIVE	SignalP-TM	SignalP-TM
12056501	SignalP_GRAM_POSITIVE	SignalP-TM	SignalP-TM
10614864	SignalP_GRAM_POSITIVE	SignalP-TM	SignalP-TM
12384372	SignalP_GRAM_POSITIVE	SignalP-TM	SignalP-TM
12318877	SignalP_GRAM_POSITIVE	SignalP-TM	SignalP-TM
3307669	SignalP_GRAM_POSITIVE	SignalP-TM	SignalP-TM
7928063	SignalP_GRAM_POSITIVE	SignalP-TM	SignalP-TM
1341719	SignalP_GRAM_POSITIVE	SignalP-TM	SignalP-TM
11073454	SignalP_GRAM_POSITIVE	SignalP-TM	SignalP-TM
8190018	SignalP_GRAM_POSITIVE	SignalP-TM	SignalP-TM
3111029	SignalP_GRAM_POSITIVE	SignalP-TM	SignalP-TM
1570818	SignalP_GRAM_POSITIVE	SignalP-TM	SignalP-TM
6944892	SignalP_GRAM_POSITIVE	SignalP-TM	SignalP-TM
13105048	SignalP_GRAM_POSITIVE	SignalP-TM	SignalP-TM
13007144	SignalP_GRAM_POSITIVE	SignalP-TM	SignalP-TM
14710829	SignalP_GRAM_POSITIVE	SignalP-TM	SignalP-TM
5339366	SignalP_GRAM_POSITIVE	SignalP-TM	SignalP-TM
12384617	SignalP_GRAM_POSITIVE	SignalP-TM	SignalP-TM
16283713	SignalP_GRAM_POSITIVE	SignalP-TM	SignalP-TM
162154	SignalP_GRAM_POSITIVE	SignalP-TM	SignalP-TM
7534560	SignalP_GRAM_POSITIVE	SignalP-TM	SignalP-TM
1112216	SignalP_GRAM_POSITIVE	SignalP-TM	SignalP-TM
13859030	SignalP_GRAM_POSITIVE	SignalP-TM	SignalP-TM
10221681	SignalP_GRAM_POSITIVE	SignalP-TM	SignalP-TM
6224750	SignalP_GRAM_POSITIVE	SignalP-TM	SignalP-TM
7109377	SignalP_GRAM_POSITIVE	SignalP-TM	SignalP-TM
8190490	SignalP_GRAM_POSITIVE	SignalP-TM	SignalP-TM
12253679	SignalP_GRAM_POSITIVE	SignalP-TM	SignalP-TM
14318170	SignalP_GRAM_POSITIVE	SignalP-TM	SignalP-TM
16677471	SignalP_GRAM_POSITIVE	SignalP-TM	SignalP-TM
16218720	SignalP_GRAM_POSITIVE	SignalP-TM	SignalP-TM
7928508	SignalP_GRAM_POSITIVE	SignalP-TM	SignalP-TM
5045044	SignalP_GRAM_POSITIVE	SignalP-TM	SignalP-TM
16021889	SignalP_GRAM_POSITIVE	SignalP-TM	SignalP-TM
9108181	SignalP_GRAM_POSITIVE	SignalP-TM	SignalP-TM
9173514	SignalP_GRAM_POSITIVE	SignalP-TM	SignalP-TM
1571514	SignalP_GRAM_POSITIVE	SignalP-TM	SignalP-TM
15104763	SignalP_GRAM_POSITIVE	SignalP-TM	SignalP-TM
8681873	SignalP_GRAM_POSITIVE	SignalP-TM	SignalP-TM
16186185	SignalP_GRAM_POSITIVE	SignalP-TM	SignalP-TM
11401798	SignalP_GRAM_POSITIVE	SignalP-TM	SignalP-TM
13892292	SignalP_GRAM_POSITIVE	SignalP-TM	SignalP-TM
8649332	SignalP_GRAM_POSITIVE	SignalP-TM	SignalP-TM
11368979	SignalP_GRAM_POSITIVE	SignalP-TM	SignalP-TM
2882304	SignalP_GRAM_POSITIVE	SignalP-TM	SignalP-TM
6683094	SignalP_GRAM_POSITIVE	SignalP-TM	SignalP-TM
13040083	SignalP_GRAM_POSITIVE	SignalP-TM	SignalP-TM
13990690	SignalP_GRAM_POSITIVE	SignalP-TM	SignalP-TM
7699031	SignalP_GRAM_POSITIVE	SignalP-TM	SignalP-TM
5798257	SignalP_GRAM_POSITIVE	SignalP-TM	SignalP-TM
8911328	SignalP_GRAM_POSITIVE	SignalP-TM	SignalP-TM
588139	SignalP_GRAM_POSITIVE	SignalP-TM	SignalP-TM
10680826	SignalP_GRAM_POSITIVE	SignalP-TM	SignalP-TM
10025684	SignalP_GRAM_POSITIVE	SignalP-TM	SignalP-TM
1604088	SignalP_GRAM_POSITIVE	SignalP-TM	SignalP-TM
9894991	SignalP_GRAM_POSITIVE	SignalP-TM	SignalP-TM
15334408	SignalP_GRAM_POSITIVE	SignalP-TM	SignalP-TM
5078132	SignalP_GRAM_POSITIVE	SignalP-TM	SignalP-TM
12975201	SignalP_GRAM_POSITIVE	SignalP-TM	SignalP-TM
294031	SignalP_GRAM_POSITIVE	SignalP-TM	SignalP-TM
6618096	SignalP_GRAM_POSITIVE	SignalP-TM	SignalP-TM
14875803	SignalP_GRAM_POSITIVE	SignalP-TM	SignalP-TM
11336582	SignalP_GRAM_POSITIVE	SignalP-TM	SignalP-TM
4324332	SignalP_GRAM_POSITIVE	SignalP-TM	SignalP-TM
4979830	SignalP_GRAM_POSITIVE	SignalP-TM	SignalP-TM
1637393	SignalP_GRAM_POSITIVE	SignalP-TM	SignalP-TM
8584364	SignalP_GRAM_POSITIVE	SignalP-TM	SignalP-TM
2751601	SignalP_GRAM_POSITIVE	SignalP-TM	SignalP-TM
9108679	SignalP_GRAM_POSITIVE	SignalP-TM	SignalP-TM
15662074	SignalP_GRAM_POSITIVE	SignalP-TM	SignalP-TM
7371885	SignalP_GRAM_POSITIVE	SignalP-TM	SignalP-TM
14187708	SignalP_GRAM_POSITIVE	SignalP-TM	SignalP-TM
9042953	SignalP_GRAM_POSITIVE	SignalP-TM	SignalP-TM
12811183	SignalP_GRAM_POSITIVE	SignalP-TM	SignalP-TM
7240775	SignalP_GRAM_POSITIVE	SignalP-TM	SignalP-TM
8518809	SignalP_GRAM_POSITIVE	SignalP-TM	SignalP-TM
14285696	SignalP_GRAM_POSITIVE	SignalP-TM	SignalP-TM
15924228	SignalP_GRAM_POSITIVE	SignalP-TM	SignalP-TM
2522178	SignalP_GRAM_POSITIVE	SignalP-TM	SignalP-TM
15236144	SignalP_GRAM_POSITIVE	SignalP-TM	SignalP-TM
9075726	SignalP_GRAM_POSITIVE	SignalP-TM	SignalP-TM
14449835	SignalP_GRAM_POSITIVE	SignalP-TM	SignalP-TM
5930216	SignalP_GRAM_POSITIVE	SignalP-TM	SignalP-TM
3407400	SignalP_GRAM_POSITIVE	SignalP-TM	SignalP-TM
11927098	SignalP_GRAM_POSITIVE	SignalP-TM	SignalP-TM
3538226	SignalP_GRAM_POSITIVE	SignalP-TM	SignalP-TM
3145295	SignalP_GRAM_POSITIVE	SignalP-TM	SignalP-TM
5963089	SignalP_GRAM_POSITIVE	SignalP-TM	SignalP-TM
2293111	SignalP_GRAM_POSITIVE	SignalP-TM	SignalP-TM
5930456	SignalP_GRAM_POSITIVE	SignalP-TM	SignalP-TM
16875086	SignalP_GRAM_POSITIVE	SignalP-TM	SignalP-TM
1801766	SignalP_GRAM_POSITIVE	SignalP-TM	SignalP-TM
8977672	SignalP_GRAM_POSITIVE	SignalP-TM	SignalP-TM
13467069	SignalP_GRAM_POSITIVE	SignalP-TM	SignalP-TM
10157632	SignalP_GRAM_POSITIVE	SignalP-TM	SignalP-TM
6717065	SignalP_GRAM_POSITIVE	SignalP-TM	SignalP-TM
13729099	SignalP_GRAM_POSITIVE	SignalP-TM	SignalP-TM
5406059	SignalP_GRAM_POSITIVE	SignalP-TM	SignalP-TM
1572245	SignalP_GRAM_POSITIVE	SignalP-TM	SignalP-TM
14155252	SignalP_GRAM_POSITIVE	SignalP-TM	SignalP-TM
15564062	SignalP_GRAM_POSITIVE	SignalP-TM	SignalP-TM
7372331	SignalP_GRAM_POSITIVE	SignalP-TM	SignalP-TM
3341956	SignalP_GRAM_POSITIVE	SignalP-TM	SignalP-TM
4423079	SignalP_GRAM_POSITIVE	SignalP-TM	SignalP-TM
12615192	SignalP_GRAM_POSITIVE	SignalP-TM	SignalP-TM
10517754	SignalP_GRAM_POSITIVE	SignalP-TM	SignalP-TM
9501970	SignalP_GRAM_POSITIVE	SignalP-TM	SignalP-TM
1277377	SignalP_GRAM_POSITIVE	SignalP-TM	SignalP-TM
12123375	SignalP_GRAM_POSITIVE	SignalP-TM	SignalP-TM
7241407	SignalP_GRAM_POSITIVE	SignalP-TM	SignalP-TM
6815565	SignalP_GRAM_POSITIVE	SignalP-TM	SignalP-TM
622489	SignalP_GRAM_POSITIVE	SignalP-TM	SignalP-TM
7241403	SignalP_GRAM_POSITIVE	SignalP-TM	SignalP-TM
7241408	SignalP_GRAM_POSITIVE	SignalP-TM	SignalP-TM
8060598	SignalP_GRAM_POSITIVE	SignalP-TM	SignalP-TM
6356748	SignalP_GRAM_POSITIVE	SignalP-TM	SignalP-TM
491473	SignalP_GRAM_POSITIVE	SignalP-TM	SignalP-TM
261907	SignalP_GRAM_POSITIVE	SignalP-TM	SignalP-TM
1802030	SignalP_GRAM_POSITIVE	SignalP-TM	SignalP-TM
14450506	SignalP_GRAM_POSITIVE	SignalP-TM	SignalP-TM
11304803	SignalP_GRAM_POSITIVE	SignalP-TM	SignalP-TM
11304655	SignalP_GRAM_POSITIVE	SignalP-TM	SignalP-TM
10125238	SignalP_GRAM_POSITIVE	SignalP-TM	SignalP-TM
10354457	SignalP_GRAM_POSITIVE	SignalP-TM	SignalP-TM
11632327	SignalP_GRAM_POSITIVE	SignalP-TM	SignalP-TM
12025636	SignalP_GRAM_POSITIVE	SignalP-TM	SignalP-TM
2850472	SignalP_GRAM_POSITIVE	SignalP-TM	SignalP-TM
12025589	SignalP_GRAM_POSITIVE	SignalP-TM	SignalP-TM
6880923	SignalP_GRAM_POSITIVE	SignalP-TM	SignalP-TM
5472169	SignalP_GRAM_POSITIVE	SignalP-TM	SignalP-TM
6324117	SignalP_GRAM_POSITIVE	SignalP-TM	SignalP-TM
2981751	SignalP_GRAM_POSITIVE	SignalP-TM	SignalP-TM
32674	SignalP_GRAM_POSITIVE	SignalP-TM	SignalP-TM
4292314	SignalP_GRAM_POSITIVE	SignalP-TM	SignalP-TM
14516122	SignalP_GRAM_POSITIVE	SignalP-TM	SignalP-TM
8126229	SignalP_GRAM_POSITIVE	SignalP-TM	SignalP-TM
14876512	SignalP_GRAM_POSITIVE	SignalP-TM	SignalP-TM
14417826	SignalP_GRAM_POSITIVE	SignalP-TM	SignalP-TM
524190	SignalP_GRAM_POSITIVE	SignalP-TM	SignalP-TM
8552389	SignalP_GRAM_POSITIVE	SignalP-TM	SignalP-TM
15728360	SignalP_GRAM_POSITIVE	SignalP-TM	SignalP-TM
6520489	SignalP_GRAM_POSITIVE	SignalP-TM	SignalP-TM
12844938	SignalP_GRAM_POSITIVE	SignalP-TM	SignalP-TM
16056234	SignalP_GRAM_POSITIVE	SignalP-TM	SignalP-TM
4783973	SignalP_GRAM_POSITIVE	SignalP-TM	SignalP-TM
5013399	SignalP_GRAM_POSITIVE	SignalP-TM	SignalP-TM
6160132	SignalP_GRAM_POSITIVE	SignalP-TM	SignalP-TM
9011111	SignalP_GRAM_POSITIVE	SignalP-TM	SignalP-TM
11566889	SignalP_GRAM_POSITIVE	SignalP-TM	SignalP-TM
15793977	SignalP_GRAM_POSITIVE	SignalP-TM	SignalP-TM
4656356	SignalP_GRAM_POSITIVE	SignalP-TM	SignalP-TM
10816725	SignalP_GRAM_POSITIVE	SignalP-TM	SignalP-TM
11865700	SignalP_GRAM_POSITIVE	SignalP-TM	SignalP-TM
6819401	SignalP_GRAM_POSITIVE	SignalP-TM	SignalP-TM
8654048	SignalP_GRAM_POSITIVE	SignalP-TM	SignalP-TM
5049945	SignalP_GRAM_POSITIVE	SignalP-TM	SignalP-TM
13176040	SignalP_GRAM_POSITIVE	SignalP-TM	SignalP-TM
12160617	SignalP_GRAM_POSITIVE	SignalP-TM	SignalP-TM
13339941	SignalP_GRAM_POSITIVE	SignalP-TM	SignalP-TM
12455266	SignalP_GRAM_POSITIVE	SignalP-TM	SignalP-TM
4197994	SignalP_GRAM_POSITIVE	SignalP-TM	SignalP-TM
6163878	SignalP_GRAM_POSITIVE	SignalP-TM	SignalP-TM
16453003	SignalP_GRAM_POSITIVE	SignalP-TM	SignalP-TM
4525533	SignalP_GRAM_POSITIVE	SignalP-TM	SignalP-TM
16027104	SignalP_GRAM_POSITIVE	SignalP-TM	SignalP-TM
462067	SignalP_GRAM_POSITIVE	SignalP-TM	SignalP-TM
4361699	SignalP_GRAM_POSITIVE	SignalP-TM	SignalP-TM
16059665	SignalP_GRAM_POSITIVE	SignalP-TM	SignalP-TM
6098239	SignalP_GRAM_POSITIVE	SignalP-TM	SignalP-TM
233008	SignalP_GRAM_POSITIVE	SignalP-TM	SignalP-TM
10784238	SignalP_GRAM_POSITIVE	SignalP-TM	SignalP-TM
6393217	SignalP_GRAM_POSITIVE	SignalP-TM	SignalP-TM
8490546	SignalP_GRAM_POSITIVE	SignalP-TM	SignalP-TM
15928613	SignalP_GRAM_POSITIVE	SignalP-TM	SignalP-TM
16453004	SignalP_GRAM_POSITIVE	SignalP-TM	SignalP-TM
163813	SignalP_GRAM_POSITIVE	SignalP-TM	SignalP-TM
12746705	SignalP_GRAM_POSITIVE	SignalP-TM	SignalP-TM
5930999	SignalP_GRAM_POSITIVE	SignalP-TM	SignalP-TM
6623044	SignalP_GRAM_POSITIVE	SignalP-TM	SignalP-TM
9277064	SignalP_GRAM_POSITIVE	SignalP-TM	SignalP-TM
5050233	SignalP_GRAM_POSITIVE	SignalP-TM	SignalP-TM
1019552	SignalP_GRAM_POSITIVE	SignalP-TM	SignalP-TM
4394966	SignalP_GRAM_POSITIVE	SignalP-TM	SignalP-TM
12193492	SignalP_GRAM_POSITIVE	SignalP-TM	SignalP-TM
10358559	SignalP_GRAM_POSITIVE	SignalP-TM	SignalP-TM
4493005	SignalP_GRAM_POSITIVE	SignalP-TM	SignalP-TM
16060163	SignalP_GRAM_POSITIVE	SignalP-TM	SignalP-TM
5148476	SignalP_GRAM_POSITIVE	SignalP-TM	SignalP-TM
15601556	SignalP_GRAM_POSITIVE	SignalP-TM	SignalP-TM
3968966	SignalP_GRAM_POSITIVE	SignalP-TM	SignalP-TM
3215217	SignalP_GRAM_POSITIVE	SignalP-TM	SignalP-TM
626365	SignalP_GRAM_POSITIVE	SignalP-TM	SignalP-TM
9408480	SignalP_GRAM_POSITIVE	SignalP-TM	SignalP-TM
13012941	SignalP_GRAM_POSITIVE	SignalP-TM	SignalP-TM
14651286	SignalP_GRAM_POSITIVE	SignalP-TM	SignalP-TM
10260408	SignalP_GRAM_POSITIVE	SignalP-TM	SignalP-TM
1937087	SignalP_GRAM_POSITIVE	SignalP-TM	SignalP-TM
14323403	SignalP_GRAM_POSITIVE	SignalP-TM	SignalP-TM
5672693	SignalP_GRAM_POSITIVE	SignalP-TM	SignalP-TM
6983469	SignalP_GRAM_POSITIVE	SignalP-TM	SignalP-TM
15306553	SignalP_GRAM_POSITIVE	SignalP-TM	SignalP-TM
954173	SignalP_GRAM_POSITIVE	SignalP-TM	SignalP-TM
11833339	SignalP_GRAM_POSITIVE	SignalP-TM	SignalP-TM
14094516	SignalP_GRAM_POSITIVE	SignalP-TM	SignalP-TM
2625913	SignalP_GRAM_POSITIVE	SignalP-TM	SignalP-TM
10228081	SignalP_GRAM_POSITIVE	SignalP-TM	SignalP-TM
9441692	SignalP_GRAM_POSITIVE	SignalP-TM	SignalP-TM
8130539	SignalP_GRAM_POSITIVE	SignalP-TM	SignalP-TM
6983865	SignalP_GRAM_POSITIVE	SignalP-TM	SignalP-TM
11309278	SignalP_GRAM_POSITIVE	SignalP-TM	SignalP-TM
15667500	SignalP_GRAM_POSITIVE	SignalP-TM	SignalP-TM
4788220	SignalP_GRAM_POSITIVE	SignalP-TM	SignalP-TM
13537682	SignalP_GRAM_POSITIVE	SignalP-TM	SignalP-TM
15405197	SignalP_GRAM_POSITIVE	SignalP-TM	SignalP-TM
4755803	SignalP_GRAM_POSITIVE	SignalP-TM	SignalP-TM
8130603	SignalP_GRAM_POSITIVE	SignalP-TM	SignalP-TM
16158916	SignalP_GRAM_POSITIVE	SignalP-TM	SignalP-TM
4657535	SignalP_GRAM_POSITIVE	SignalP-TM	SignalP-TM
14389356	SignalP_GRAM_POSITIVE	SignalP-TM	SignalP-TM
7114738	SignalP_GRAM_POSITIVE	SignalP-TM	SignalP-TM
13373626	SignalP_GRAM_POSITIVE	SignalP-TM	SignalP-TM
7475210	SignalP_GRAM_POSITIVE	SignalP-TM	SignalP-TM
2036046	SignalP_GRAM_POSITIVE	SignalP-TM	SignalP-TM
1740897	SignalP_GRAM_POSITIVE	SignalP-TM	SignalP-TM
69639	SignalP_GRAM_POSITIVE	SignalP-TM	SignalP-TM
14979169	SignalP_GRAM_POSITIVE	SignalP-TM	SignalP-TM
15143121	SignalP_GRAM_POSITIVE	SignalP-TM	SignalP-TM
7311517	SignalP_GRAM_POSITIVE	SignalP-TM	SignalP-TM
5017695	SignalP_GRAM_POSITIVE	SignalP-TM	SignalP-TM
13897868	SignalP_GRAM_POSITIVE	SignalP-TM	SignalP-TM
7540713	SignalP_GRAM_POSITIVE	SignalP-TM	SignalP-TM
10489982	SignalP_GRAM_POSITIVE	SignalP-TM	SignalP-TM
13537423	SignalP_GRAM_POSITIVE	SignalP-TM	SignalP-TM
3018756	SignalP_GRAM_POSITIVE	SignalP-TM	SignalP-TM
